-- phpMyAdmin SQL Dump
-- version 4.7.4
-- https://www.phpmyadmin.net/
--
-- Host: 127.0.0.1:3306
-- Generation Time: Oct 29, 2017 at 02:20 PM
-- Server version: 5.7.19
-- PHP Version: 5.6.31

SET SQL_MODE = "NO_AUTO_VALUE_ON_ZERO";
SET AUTOCOMMIT = 0;
START TRANSACTION;
SET time_zone = "+00:00";


/*!40101 SET @OLD_CHARACTER_SET_CLIENT=@@CHARACTER_SET_CLIENT */;
/*!40101 SET @OLD_CHARACTER_SET_RESULTS=@@CHARACTER_SET_RESULTS */;
/*!40101 SET @OLD_COLLATION_CONNECTION=@@COLLATION_CONNECTION */;
/*!40101 SET NAMES utf8mb4 */;

--
-- Database: `monev`
--

DELIMITER $$
--
-- Procedures
--
DROP PROCEDURE IF EXISTS `droping`$$
CREATE DEFINER=`root`@`localhost` PROCEDURE `droping` ()  NO SQL
BEGIN
TRUNCATE ms_danabelanja;
TRUNCATE ms_dinas;
TRUNCATE ms_jenisbelanja;
TRUNCATE ms_kegiatan;
TRUNCATE ms_program;
TRUNCATE ms_suburusan;
TRUNCATE ms_tahunbelanja;
TRUNCATE ms_urusan;
truncate MS_INPUTREALISASI;
END$$

DELIMITER ;

-- --------------------------------------------------------

--
-- Table structure for table `ms_danabelanja`
--

DROP TABLE IF EXISTS `ms_danabelanja`;
CREATE TABLE IF NOT EXISTS `ms_danabelanja` (
  `NO` int(11) NOT NULL AUTO_INCREMENT,
  `KODEDANABELANJA` int(11) NOT NULL,
  `DANABELANJA` varchar(255) NOT NULL,
  `TAHUNBELANJA` int(11) NOT NULL,
  `PAGUTAHUN` int(11) NOT NULL,
  PRIMARY KEY (`NO`)
) ENGINE=MyISAM AUTO_INCREMENT=4 DEFAULT CHARSET=latin1;

--
-- Dumping data for table `ms_danabelanja`
--

INSERT INTO `ms_danabelanja` (`NO`, `KODEDANABELANJA`, `DANABELANJA`, `TAHUNBELANJA`, `PAGUTAHUN`) VALUES
(1, 1, 'BELANJA TIDAK LANGSUNG', 2017, 0),
(2, 2, 'BELANJA LANGSUNG', 2017, 0),
(3, 3, 'LAIN-LAIN PENDAPATAN DAERAH YANG SAH', 2017, 0);

-- --------------------------------------------------------

--
-- Table structure for table `ms_dinas`
--

DROP TABLE IF EXISTS `ms_dinas`;
CREATE TABLE IF NOT EXISTS `ms_dinas` (
  `NO` int(11) NOT NULL AUTO_INCREMENT,
  `KODEDINAS` int(11) NOT NULL,
  `NAMADINAS` varchar(255) NOT NULL,
  `KETDINAS` text NOT NULL,
  `STATUS` int(11) NOT NULL DEFAULT '1',
  `PAGUDINAS` bigint(20) NOT NULL,
  `KODEDANABELANJA` int(11) NOT NULL,
  `TAHUNBELANJA` int(11) NOT NULL,
  `NOKODEURUSAN` int(11) NOT NULL,
  `NOKODESUBURUSAN` int(11) NOT NULL,
  PRIMARY KEY (`NO`)
) ENGINE=InnoDB AUTO_INCREMENT=114 DEFAULT CHARSET=latin1;

--
-- Dumping data for table `ms_dinas`
--

INSERT INTO `ms_dinas` (`NO`, `KODEDINAS`, `NAMADINAS`, `KETDINAS`, `STATUS`, `PAGUDINAS`, `KODEDANABELANJA`, `TAHUNBELANJA`, `NOKODEURUSAN`, `NOKODESUBURUSAN`) VALUES
(1, 1, 'Dinas Pendidikan dan Kebudayaan', '', 1, 259350673356, 1, 2017, 1, 1),
(2, 2, 'Dinas Pendidikan dan Kebudayaan', '', 1, 0, 2, 2017, 1, 1),
(3, 3, 'Dinas Pendidikan dan Kebudayaan', '', 1, 0, 2, 2017, 2, 16),
(4, 3, 'Sanggar Kegiatan Belajar', '', 1, 0, 2, 2017, 1, 1),
(5, 5, 'Dinas Kesehatan', '', 1, 31023711292, 1, 2017, 1, 2),
(6, 6, 'Dinas Kesehatan', '', 1, 0, 2, 2017, 1, 2),
(7, 7, 'Rumah Sakit Umum Daerah Naibonat  Kelas C', '', 1, 0, 2, 2017, 1, 2),
(8, 8, 'Dinas Pekerjaan Umum dan Penataan Ruang', '', 1, 0, 2, 2017, 1, 3),
(9, 9, 'Dinas Pekerjaan Umum dan Penataan Ruang', '', 1, 0, 2, 2017, 1, 5),
(10, 9, 'Dinas Perumahan dan Kawasan Pemukiman', '', 1, 0, 2, 2017, 1, 4),
(11, 11, 'Kantor Kesatuan Bangsa dan Politik', '', 1, 0, 2, 2017, 1, 5),
(12, 12, 'Satuan Polisi Pamong Praja dan Kebakaran', '', 1, 0, 2, 2017, 1, 5),
(13, 13, 'Satuan Polisi Pamong Praja dan Kebakaran', '', 1, 0, 2, 2017, 4, 1),
(14, 14, 'Dinas Sosial', '', 1, 0, 2, 2017, 1, 6),
(15, 15, 'Dinas Tenaga kerja dan Transmigrasi', '', 1, 0, 2, 2017, 2, 1),
(16, 16, 'Dinas Tenaga kerja dan Transmigrasi', '', 1, 0, 2, 2017, 3, 8),
(17, 16, 'Dinas Pengendalian Penduduk, Keluarga Berencana, Pemberdayaan Perempuan dan Perlindungan Anak', '', 1, 0, 2, 2017, 2, 2),
(18, 18, 'Dinas Pengendalian Penduduk, Keluarga Berencana, Pemberdayaan Perempuan dan Perlindungan Anak', '', 1, 0, 2, 2017, 2, 8),
(19, 19, 'Dinas Ketahanan Pangan', '', 1, 0, 2, 2017, 2, 3),
(20, 20, 'Dinas Ketahanan Pangan', '', 1, 0, 2, 2017, 3, 3),
(21, 21, 'Dinas Pertanahan', '', 1, 0, 2, 2017, 2, 4),
(22, 22, 'Dinas Lingkungan Hidup dan Kehutanan', '', 1, 0, 2, 2017, 2, 5),
(23, 23, 'Dinas Lingkungan Hidup dan Kehutanan', '', 1, 0, 2, 2017, 3, 4),
(24, 24, 'Dinas Kependudukan dan Pencatatan Sipil', '', 1, 0, 2, 2017, 2, 6),
(25, 25, 'Dinas Pemberdayaan Masyarakat dan Desa', '', 1, 0, 2, 2017, 2, 7),
(26, 26, 'Dinas Perhubungan', '', 1, 40000000, 1, 2017, 2, 9),
(27, 27, 'Dinas Perhubungan', '', 1, 0, 2, 2017, 2, 9),
(28, 28, 'Dinas Komunikasi dan Informatika', '', 1, 0, 2, 2017, 2, 10),
(29, 29, 'Dinas Komunikasi dan Informatika', '', 1, 0, 2, 2017, 2, 14),
(30, 29, 'LPPL RSKK (Lembaga Penyiaran Publik Lokal Radio Suara Kabupaten Kupang)', '', 1, 0, 2, 2017, 2, 10),
(31, 31, 'Dinas Koperasi Usaha Kecil dan Menengah', '', 1, 0, 2, 2017, 2, 11),
(32, 32, 'Dinas Penanaman Modal dan Pelayanan Terpadu Satu Pintu', '', 1, 391805000, 1, 2017, 2, 12),
(33, 33, 'Dinas Penanaman Modal dan Pelayanan Terpadu Satu Pintu', '', 1, 0, 2, 2017, 2, 12),
(34, 34, 'Dinas Kepemudaan dan Olah Raga', '', 1, 0, 2, 2017, 2, 13),
(35, 35, 'Dinas Kearsipan dan Perpustakaan', '', 1, 0, 2, 2017, 2, 18),
(36, 36, 'Dinas Kearsipan dan Perpustakaan', '', 1, 0, 2, 2017, 1, 1),
(37, 37, 'Dinas Kelautan dan Perikanan', '', 1, 0, 2, 2017, 3, 1),
(38, 38, 'Dinas Pariwisata', '', 1, 0, 2, 2017, 3, 2),
(39, 39, 'Dinas Pertanian', '', 1, 0, 2, 2017, 3, 3),
(40, 40, 'Dinas Peternakan', '', 1, 39688374, 1, 2017, 3, 3),
(41, 41, 'Dinas Peternakan', '', 1, 0, 2, 2017, 3, 3),
(42, 42, 'Badan Pelaksana Penyuluhan Pertanian, Perikanan dan Kehutanan', '', 1, 0, 2, 2017, 3, 3),
(43, 43, 'Dinas Perindustrian, Perdagangan, Energi dan Sumber Daya Mineral', '', 1, 0, 2, 2017, 3, 7),
(44, 44, 'Dinas Perindustrian, Perdagangan, Energi dan Sumber Daya Mineral', '', 1, 0, 2, 2017, 3, 6),
(45, 45, 'Dewan Perwakilan Rakyat Daerah', '', 1, 7038650140, 1, 2017, 4, 1),
(46, 46, 'Kepala Daerah dan Wakil Kepala Daerah', '', 1, 617405380, 1, 2017, 4, 1),
(47, 47, 'Sekretariat Daerah', '', 1, 0, 2, 2017, 4, 1),
(48, 48, 'Sekretariat Daerah', '', 1, 0, 2, 2017, 2, 7),
(49, 48, 'Sekretariat Daerah', '', 1, 0, 2, 2017, 2, 13),
(50, 50, 'Sekretariat Daerah', '', 1, 0, 2, 2017, 1, 2),
(51, 51, 'Sekretariat Daerah', '', 1, 0, 2, 2017, 1, 5),
(52, 49, 'Sekretariat Daerah', '', 1, 0, 2, 2017, 2, 5),
(53, 52, 'Sekretariat Daerah', '', 1, 0, 2, 2017, 2, 10),
(54, 54, 'Sekretariat Daerah', '', 1, 0, 2, 2017, 2, 2),
(55, 48, 'Sekretariat Daerah', '', 1, 0, 2, 2017, 4, 3),
(56, 48, 'Sekretariat DPRD', '', 1, 312480000, 1, 2017, 4, 1),
(57, 57, 'Sekretariat DPRD', '', 1, 0, 2, 2017, 4, 1),
(58, 58, 'Badan Pengelola Perbatasan', '', 1, 0, 2, 2017, 4, 1),
(59, 59, 'Badan Pengelola Perbatasan', '', 1, 0, 2, 2017, 2, 12),
(60, 60, 'Badan Pengelola Perbatasan', '', 1, 0, 2, 2017, 4, 3),
(61, 61, 'Badan Penanggulangan Bencana Daerah', '', 1, 0, 2, 2017, 4, 1),
(62, 62, 'Badan Penanggulangan Bencana Daerah', '', 1, 0, 2, 2017, 1, 5),
(63, 63, 'Kecamatan Semau', '', 1, 0, 2, 2017, 4, 1),
(64, 64, 'Kecamatan Semau Selatan', '', 1, 0, 2, 2017, 4, 1),
(65, 65, 'Kecamatan Semau Selatan', '', 1, 0, 2, 2017, 2, 13),
(66, 66, 'Kecamatan Kupang Barat', '', 1, 0, 2, 2017, 4, 1),
(67, 67, 'Kecamatan Kupang Barat', '', 1, 0, 2, 2017, 2, 13),
(68, 68, 'Kecamatan Nekamese', '', 1, 0, 2, 2017, 4, 1),
(69, 69, 'Kecamatan Kupang tengah', '', 1, 0, 2, 2017, 4, 1),
(70, 70, 'Kecamatan Taebenu', '', 1, 0, 2, 2017, 4, 1),
(71, 71, 'Kecamatan Taebenu', '', 1, 0, 2, 2017, 2, 13),
(72, 72, 'Kecamatan Amarasi', '', 1, 0, 2, 2017, 4, 1),
(73, 73, 'Kecamatan Amarasi', '', 1, 0, 2, 2017, 2, 13),
(74, 74, 'Kecamatan Amarasi Barat', '', 1, 0, 2, 2017, 4, 1),
(75, 75, 'Kecamatan Amarasi Barat', '', 1, 0, 2, 2017, 2, 13),
(76, 76, 'Kecamatan Amarasi Selatan', '', 1, 0, 2, 2017, 4, 1),
(77, 77, 'Kecamatan Amarasi Timur', '', 1, 0, 2, 2017, 4, 1),
(78, 78, 'Kecamatan Amarasi Timur', '', 1, 0, 2, 2017, 2, 13),
(79, 79, 'Kecamatan Kupang Timur', '', 1, 0, 2, 2017, 4, 1),
(80, 80, 'Kecamatan Kupang Timur', '', 1, 0, 2, 2017, 2, 13),
(81, 81, 'Kecamatan Amabi Oefeto timur', '', 1, 0, 2, 2017, 4, 1),
(82, 82, 'Kecamatan Amabi Oefeto timur', '', 1, 0, 2, 2017, 2, 13),
(83, 83, 'Kecamatan Amabi Oefeto', '', 1, 0, 2, 2017, 4, 1),
(84, 84, 'Kecamatan Amabi Oefeto', '', 1, 0, 2, 2017, 2, 13),
(85, 85, 'Kecamatan Sulamu', '', 1, 0, 2, 2017, 4, 1),
(86, 86, 'Kecamatan Sulamu', '', 1, 0, 2, 2017, 2, 13),
(87, 87, 'Kecamatan Fatuleu', '', 1, 0, 2, 2017, 4, 1),
(88, 88, 'Kecamatan Fatuleu', '', 1, 0, 2, 2017, 2, 13),
(89, 89, 'Kecamatan Fatuleu Barat', '', 1, 0, 2, 2017, 4, 1),
(90, 90, 'Kecamatan Fatuleu Barat', '', 1, 0, 2, 2017, 2, 13),
(91, 91, 'Kecamatan Fatuleu Tengah', '', 1, 0, 2, 2017, 4, 1),
(92, 92, 'Kecamatan Takari', '', 1, 0, 2, 2017, 4, 1),
(93, 93, 'Kecamatan Amfoang Selatan', '', 1, 0, 2, 2017, 4, 1),
(94, 94, 'Kecamatan Amfoang Selatan', '', 1, 0, 2, 2017, 2, 13),
(95, 95, 'Kecamatan Amfoang Barat Daya', '', 1, 0, 2, 2017, 4, 1),
(96, 96, 'Kecamatan Amfoang Utara', '', 1, 0, 2, 2017, 4, 1),
(97, 97, 'Kecamatan Amfoang Utara', '', 1, 0, 2, 2017, 2, 13),
(98, 98, 'Kecamatan Amfoang Barat Laut', '', 1, 0, 2, 2017, 4, 1),
(99, 99, 'Kecamatan Amfoang Barat Laut', '', 1, 0, 2, 2017, 2, 13),
(100, 100, 'Kecamatan Amfoang Timur', '', 1, 0, 2, 2017, 4, 1),
(101, 101, 'Kecamatan Amfoang Timur', '', 1, 0, 2, 2017, 2, 13),
(102, 102, 'Kecamatan Amfoang Tengah', '', 1, 0, 2, 2017, 4, 1),
(103, 103, 'Kecamatan Amfoang Tengah', '', 1, 0, 2, 2017, 2, 13),
(104, 104, 'Inspektorat', '', 1, 0, 2, 2017, 4, 1),
(105, 105, 'Inspektorat', '', 1, 0, 2, 2017, 4, 2),
(106, 106, 'Badan Perencanaan Pembangunan serta Penelitian dan Pengembangan Daerah', '', 1, 0, 2, 2017, 4, 3),
(107, 107, 'Badan Pengelolaan Keuangan dan Aset Daerah', '', 1, 382867149500, 1, 2017, 4, 4),
(108, 108, 'Badan Pengelolaan Keuangan dan Aset Daerah', '', 1, 0, 2, 2017, 4, 4),
(109, 109, 'Badan Pendapatan Daerah', '', 1, 751400000, 1, 2017, 4, 4),
(110, 110, 'Badan Pendapatan Daerah', '', 1, 0, 2, 2017, 4, 1),
(111, 111, 'Badan Pendapatan Daerah', '', 1, 0, 2, 2017, 4, 4),
(112, 112, 'Badan Kepegawaian, Pendidikan dan Pelatihan', '', 1, 0, 2, 2017, 4, 1),
(113, 113, 'Badan Kepegawaian, Pendidikan dan Pelatihan', '', 1, 0, 2, 2017, 4, 5);

-- --------------------------------------------------------

--
-- Table structure for table `ms_inputrealisasi`
--

DROP TABLE IF EXISTS `ms_inputrealisasi`;
CREATE TABLE IF NOT EXISTS `ms_inputrealisasi` (
  `NO` int(11) NOT NULL AUTO_INCREMENT,
  `TAHUNBELANJA` int(11) NOT NULL,
  `NOJENISBELANJA` int(11) NOT NULL,
  `NOKEGIATAN` int(11) NOT NULL,
  `BULAN` int(11) NOT NULL,
  `REALISASIPEGAWAI` int(11) NOT NULL,
  `REALISASIBARANG` int(11) NOT NULL,
  `REALISASIMODAL` int(11) NOT NULL,
  `NOKODEPROGRAM` int(11) NOT NULL,
  `NOKODEDINAS` int(11) NOT NULL,
  `NOKODESUBURUSAN` int(11) NOT NULL,
  `NOKODEURUSAN` int(11) NOT NULL,
  PRIMARY KEY (`NO`)
) ENGINE=MyISAM AUTO_INCREMENT=6 DEFAULT CHARSET=latin1;

--
-- Dumping data for table `ms_inputrealisasi`
--

INSERT INTO `ms_inputrealisasi` (`NO`, `TAHUNBELANJA`, `NOJENISBELANJA`, `NOKEGIATAN`, `BULAN`, `REALISASIPEGAWAI`, `REALISASIBARANG`, `REALISASIMODAL`, `NOKODEPROGRAM`, `NOKODEDINAS`, `NOKODESUBURUSAN`, `NOKODEURUSAN`) VALUES
(4, 2017, 1, 12, 10, 100, 200, 300, 0, 0, 0, 0),
(5, 2017, 1, 12, 10, 0, 4444444, 0, 2, 2, 1, 1);

-- --------------------------------------------------------

--
-- Table structure for table `ms_inputrealisasibtl`
--

DROP TABLE IF EXISTS `ms_inputrealisasibtl`;
CREATE TABLE IF NOT EXISTS `ms_inputrealisasibtl` (
  `NO` int(11) NOT NULL AUTO_INCREMENT,
  `TAHUNBELANJA` int(11) NOT NULL,
  `NOJENISBELANJA` int(11) NOT NULL,
  `NODINAS` int(11) NOT NULL,
  `BULAN` int(11) NOT NULL,
  `REALISASI` int(11) NOT NULL,
  `NOKODESUBURUSAN` int(11) NOT NULL,
  `NOKODEURUSAN` int(11) NOT NULL,
  PRIMARY KEY (`NO`)
) ENGINE=MyISAM AUTO_INCREMENT=5 DEFAULT CHARSET=latin1;

--
-- Dumping data for table `ms_inputrealisasibtl`
--

INSERT INTO `ms_inputrealisasibtl` (`NO`, `TAHUNBELANJA`, `NOJENISBELANJA`, `NODINAS`, `BULAN`, `REALISASI`, `NOKODESUBURUSAN`, `NOKODEURUSAN`) VALUES
(3, 2017, 1, 5, 10, 21474800, 0, 0),
(4, 2017, 1, 1, 10, 3000005, 1, 1);

-- --------------------------------------------------------

--
-- Table structure for table `ms_jenisbelanja`
--

DROP TABLE IF EXISTS `ms_jenisbelanja`;
CREATE TABLE IF NOT EXISTS `ms_jenisbelanja` (
  `NO` int(11) NOT NULL AUTO_INCREMENT,
  `KODEJENISBELANJA` int(11) NOT NULL,
  `JENISBELANJA` varchar(255) NOT NULL,
  `KODEDANABELANJA` int(11) NOT NULL,
  `TAHUNBELANJA` int(11) NOT NULL,
  `PAGUTAHUN` int(11) NOT NULL,
  `STATUS` int(11) NOT NULL DEFAULT '1',
  PRIMARY KEY (`NO`)
) ENGINE=MyISAM AUTO_INCREMENT=16 DEFAULT CHARSET=latin1;

--
-- Dumping data for table `ms_jenisbelanja`
--

INSERT INTO `ms_jenisbelanja` (`NO`, `KODEJENISBELANJA`, `JENISBELANJA`, `KODEDANABELANJA`, `TAHUNBELANJA`, `PAGUTAHUN`, `STATUS`) VALUES
(1, 1, 'Belanja Pegawai', 1, 2017, 0, 1),
(2, 2, 'Belanja Barang dan Jasa', 2, 2017, 0, 1),
(3, 1, 'Belanja Pegawai', 2, 2017, 0, 1),
(4, 3, 'Belanja Modal', 2, 2017, 0, 1),
(5, 2, 'Hasil Retribusi Daerah', 1, 2017, 0, 1),
(6, 4, 'Lain-lain Pendapatan Asli Daerah yang Sah', 1, 2017, 0, 1),
(7, 3, 'Hasil Pengelolaan Kekayaan Daerah yang Dipisahkan', 1, 2017, 0, 1),
(8, 3, 'Dana Bagi Hasil Pajak dari Provinsi dan Pemerintah Daerah Lainnya', 3, 2017, 0, 1),
(9, 4, 'Dana Penyesuaian dan Otonomi Khusus', 3, 2017, 0, 1),
(10, 5, 'Belanja Bantuan Sosial', 1, 2017, 0, 1),
(11, 6, 'Belanja Bagi Hasil kepada Provinsi/Kabupaten/Kota dan Pemerintah Desa', 1, 2017, 0, 1),
(12, 7, 'Belanja Bantuan Keuangan kepada Provinsi/Kabupaten/Kota dan Pemerintahan Desa', 1, 2017, 0, 1),
(13, 8, 'Belanja Tidak Terduga', 1, 2017, 0, 1);

-- --------------------------------------------------------

--
-- Table structure for table `ms_kegiatan`
--

DROP TABLE IF EXISTS `ms_kegiatan`;
CREATE TABLE IF NOT EXISTS `ms_kegiatan` (
  `NO` int(11) NOT NULL AUTO_INCREMENT,
  `KODEKEGIATAN` int(11) NOT NULL,
  `NAMAKEGIATAN` varchar(255) NOT NULL,
  `TAHUNBELANJA` int(11) NOT NULL,
  `KODEDANABELANJA` int(11) NOT NULL,
  `PAGUKEGIATAN` bigint(11) NOT NULL,
  `KODEJENISBELANJA` int(11) NOT NULL,
  `STATUS` int(11) NOT NULL DEFAULT '1',
  `PAGUPEGAWAI` bigint(11) NOT NULL,
  `PAGUBARANG` bigint(11) NOT NULL,
  `PAGUMODAL` bigint(11) NOT NULL,
  `NOKODEPROGRAM` int(11) NOT NULL,
  `NOKODEDINAS` int(11) NOT NULL,
  `NOKODESUBURUSAN` int(11) NOT NULL,
  `NOKODEURUSAN` int(11) NOT NULL,
  PRIMARY KEY (`NO`)
) ENGINE=MyISAM AUTO_INCREMENT=1517 DEFAULT CHARSET=latin1;

--
-- Dumping data for table `ms_kegiatan`
--

INSERT INTO `ms_kegiatan` (`NO`, `KODEKEGIATAN`, `NAMAKEGIATAN`, `TAHUNBELANJA`, `KODEDANABELANJA`, `PAGUKEGIATAN`, `KODEJENISBELANJA`, `STATUS`, `PAGUPEGAWAI`, `PAGUBARANG`, `PAGUMODAL`, `NOKODEPROGRAM`, `NOKODEDINAS`, `NOKODESUBURUSAN`, `NOKODEURUSAN`) VALUES
(1, 1, 'Penyediaan Jasa Surat Menyurat', 2017, 2, 3600000, 2, 1, 0, 6000000, 0, 1, 2, 1, 1),
(2, 2, 'Penyediaan Jasa Komunikasi, Sumber Daya Air dan Listrik', 2017, 2, 64800000, 2, 1, 0, 93600000, 0, 1, 2, 1, 1),
(3, 8, 'Penyediaan Jasa Kebersihan Kantor', 2017, 2, 4000000, 2, 1, 0, 4000000, 0, 1, 2, 1, 1),
(4, 10, 'Penyediaan Alat Tulis Kantor', 2017, 2, 123907500, 2, 1, 0, 123907500, 0, 1, 2, 1, 1),
(5, 11, 'Penyediaan Barang Cetakan dan Penggandaan', 2017, 2, 1150000, 2, 1, 0, 44221000, 0, 1, 2, 1, 1),
(6, 12, 'Penyediaan Komponen Instalasi Listrik/Penerangan Bangunan Kantor', 2017, 2, 9858900, 2, 1, 0, 9858900, 0, 1, 2, 1, 1),
(7, 15, 'Penyediaan Bahan Bacaan dan Peraturan Perundang-undangan', 2017, 2, 900000, 2, 1, 0, 900000, 0, 1, 2, 1, 1),
(8, 17, 'Penyediaan Makanan dan Minuman', 2017, 2, 92854000, 2, 1, 0, 121354000, 0, 1, 2, 1, 1),
(9, 18, 'Rapat-rapat Koordinasi dan Konsultasi ke Luar Daerah', 2017, 2, 290059000, 2, 1, 0, 290059000, 0, 1, 2, 1, 1),
(10, 19, 'Penyediaan Jasa Tenaga Administrasi dan Tenaga Teknis Lainnya', 2017, 2, 9051960000, 1, 1, 9051960000, 247000, 0, 1, 2, 1, 1),
(11, 20, 'Rapat-rapat Koordinasi dan Konsultasi Dalam Daerah', 2017, 2, 133625000, 2, 1, 0, 133625000, 0, 1, 2, 1, 1),
(12, 22, 'Pemeliharaan rutin/berkala gedung kantor', 2017, 2, 58880000, 2, 1, 0, 58880000, 0, 2, 2, 1, 1),
(13, 24, 'Pemeliharaan rutin/berkala kendaraan dinas/operasional', 2017, 2, 94820000, 2, 1, 0, 180510000, 0, 2, 2, 1, 1),
(14, 2, 'Pengadaan pakaian dinas beserta perlengkapannya', 2017, 2, 5005000, 2, 1, 0, 59620000, 0, 3, 2, 1, 1),
(15, 59, 'Penyelenggaraan Pendidikan Anak Usia Dini', 2017, 2, 30050000, 2, 1, 0, 1983450000, 0, 15, 2, 1, 1),
(16, 62, 'Pengembangan kurikulum, bahan ajar dan model pembelajaran Pendidikan Anak Usia Dini', 2017, 2, 3050000, 1, 1, 3050000, 83005000, 0, 15, 2, 1, 1),
(17, 5, 'Pengelolaan dan pengembangan pelestarian peninggalan sejarah purbakala, museum dan peninggalan bawah air', 2017, 2, 3112500, 2, 1, 0, 108082500, 0, 16, 3, 16, 2),
(18, 11, 'Pendukungan pengelolaan museum dan taman budaya di daerah', 2017, 2, 1095000, 1, 1, 1845000, 88265000, 0, 16, 3, 16, 2),
(19, 3, 'Penambahan ruang kelas sekolah', 2017, 2, 3217249615, 3, 1, 0, 0, 3217249615, 16, 2, 1, 1),
(20, 5, 'Pembangunan laboratorium dan ruang pratikum sekolah', 2017, 2, 283021716, 2, 1, 0, 283021716, 343045466, 16, 2, 1, 1),
(21, 15, 'Pengadaan buku-buku dan alat tulis siswa', 2017, 2, 1520000, 1, 1, 2040000, 352000000, 0, 16, 2, 1, 1),
(22, 41, 'Rehabilitasi sedang/berat bangunan sekolah', 2017, 2, 1170000000, 2, 1, 0, 1170000000, 4729616500, 16, 2, 1, 1),
(23, 57, 'Pelatihan kompetensi tenaga pendidik', 2017, 2, 7300000, 1, 1, 7300000, 654196000, 0, 16, 2, 1, 1),
(24, 58, 'Pelatihan kompetensi siswa berprestasi', 2017, 2, 6600000, 1, 1, 6600000, 125470000, 0, 16, 2, 1, 1),
(25, 65, 'Penyediaan buku pelajaran untuk SD/MI/SDLB dan SMP/MTS', 2017, 2, 1305416813, 3, 1, 0, 0, 1305416813, 16, 2, 1, 1),
(26, 67, 'Penyelenggaraan Paket A Setara SD', 2017, 2, 5840000, 2, 1, 0, 55940000, 0, 16, 2, 1, 1),
(27, 68, 'Penyelenggaraan Paket B Setara SMP', 2017, 2, 10700000, 2, 1, 0, 120825000, 0, 16, 2, 1, 1),
(28, 78, 'Monitoring, evaluasi dan pelaporan', 2017, 2, 148775000, 2, 1, 0, 148775000, 0, 16, 2, 1, 1),
(29, 79, 'Pelaksanaan Ujian Sekolah', 2017, 2, 306475000, 1, 1, 306475000, 557728950, 0, 16, 2, 1, 1),
(30, 83, 'Pemberian makanan Gizi bagi anak Sekolah', 2017, 2, 12750000, 1, 1, 12750000, 1987250000, 0, 16, 2, 1, 1),
(31, 70, 'Pelaksanaan Ujian Akhir Sekolah', 2017, 2, 39100000, 2, 1, 0, 39100000, 0, 17, 2, 1, 1),
(32, 1, 'Pengembangan kesenian dan kebudayaan daerah', 2017, 2, 12100000, 1, 1, 12100000, 388985000, 0, 17, 3, 16, 2),
(33, 5, 'Fasilitasi penyelenggaraan festival budaya daerah', 2017, 2, 41000000, 1, 1, 41000000, 696546000, 0, 17, 3, 16, 2),
(34, 2, 'Pelaksanaan uji kompetensi pendidik dan tenaga kependidikan', 2017, 2, 14050000, 1, 1, 28000000, 85425000, 0, 20, 2, 1, 1),
(35, 7, 'Pendidikan lanjutan bagi pendidik untuk memenuhi standar kualifikasi', 2017, 2, 275000, 2, 1, 0, 600275000, 0, 20, 2, 1, 1),
(36, 9, 'Pengembangan sistem pendataan dan pemetaan pendidik dan tenaga kependidikan', 2017, 2, 14490000, 1, 1, 14490000, 52742000, 0, 20, 2, 1, 1),
(37, 10, 'Pengembangan sistem penghargaan dan perlindungan terhadap profesi pendidik', 2017, 2, 6000000000, 2, 1, 0, 6000150000, 0, 20, 2, 1, 1),
(38, 12, 'Monitoring, evaluasi dan pelaporan', 2017, 2, 483450000, 2, 1, 0, 483450000, 0, 20, 2, 1, 1),
(39, 2, 'Pelaksanaan kerjasama secara kelembagaan di bidang pendidikan', 2017, 2, 7680000000, 2, 1, 0, 7751538000, 0, 22, 2, 1, 1),
(40, 8, 'Penyelenggaraan pelatihan, seminar dan lokakarya, serta diskusi ilmiah tentang berbagai isu pendidikan', 2017, 2, 6550000, 1, 1, 6550000, 356671000, 0, 22, 2, 1, 1),
(41, 1, 'Penyediaan jasa surat menyurat', 2017, 2, 1500000, 2, 1, 0, 1500000, 0, 1, 4, 1, 1),
(42, 2, 'Penyediaan jasa komunikasi, sumber daya air dan listrik', 2017, 2, 2430000, 2, 1, 0, 2430000, 0, 1, 4, 1, 1),
(43, 8, 'Penyediaan jasa kebersihan kantor', 2017, 2, 1821000, 2, 1, 0, 1821000, 0, 1, 4, 1, 1),
(44, 10, 'Penyediaan alat tulis kantor', 2017, 2, 13276500, 2, 1, 0, 13276500, 0, 1, 4, 1, 1),
(45, 11, 'Penyediaan barang cetakan dan penggandaan', 2017, 2, 363000, 2, 1, 0, 5797100, 0, 1, 4, 1, 1),
(46, 12, 'Penyediaan komponen instalasi listrik/penerangan bangunan kantor', 2017, 2, 970000, 2, 1, 0, 970000, 0, 1, 4, 1, 1),
(47, 15, 'Penyediaan bahan bacaan dan peraturan perundang-undangan', 2017, 2, 1200000, 2, 1, 0, 1200000, 0, 1, 4, 1, 1),
(48, 17, 'Penyediaan makanan dan minuman', 2017, 2, 4680000, 2, 1, 0, 4680000, 0, 1, 4, 1, 1),
(49, 20, 'Rapat-rapat Koordinasi dan Konsultasi Dalam Daerah', 2017, 2, 16790000, 2, 1, 0, 16790000, 0, 1, 4, 1, 1),
(50, 5, 'pengadaan Kendaraan dinas/operasional', 2017, 2, 360000000, 3, 1, 0, 0, 402000000, 2, 4, 1, 1),
(51, 9, 'Pengadaan peralatan gedung kantor', 2017, 2, 6000000, 3, 1, 0, 0, 16650000, 2, 4, 1, 1),
(52, 22, 'Pemeliharaan rutin/berkala gedung kantor', 2017, 2, 7199000, 2, 1, 0, 7199000, 0, 2, 4, 1, 1),
(53, 24, 'Pemeliharaan rutin/berkala kendaraan dinas/operasional', 2017, 2, 36230400, 2, 1, 0, 40830400, 0, 2, 4, 1, 1),
(54, 28, 'Pemeliharaan rutin/berkala peralatan gedung kantor', 2017, 2, 3900000, 2, 1, 0, 3900000, 0, 2, 4, 1, 1),
(55, 2, 'Pengadaan pakaian dinas beserta perlengkapannya', 2017, 2, 11430000, 2, 1, 0, 11430000, 0, 3, 4, 1, 1),
(56, 18, 'Pengadaan alat praktik dan peraga siswa', 2017, 2, 184965000, 2, 1, 0, 184965000, 0, 15, 4, 1, 1),
(57, 57, 'Pelatihan kompetensi tenaga pendidik', 2017, 2, 3725000, 2, 1, 0, 102640000, 0, 15, 4, 1, 1),
(58, 59, 'Penyelenggaraan Pendidikan Anak Usia Dini', 2017, 2, 106467000, 2, 1, 0, 1416961000, 0, 15, 4, 1, 1),
(59, 66, 'Monitoring, evaluasi Pendidikan Anak Usia Dini', 2017, 2, 116150000, 2, 1, 0, 116150000, 0, 15, 4, 1, 1),
(60, 1, 'Penyediaan jasa surat menyurat', 2017, 2, 4500000, 2, 1, 0, 4500000, 0, 1, 6, 2, 1),
(61, 2, 'Penyediaan jasa komunikasi, sumber daya air dan listrik', 2017, 2, 2400000, 2, 1, 0, 92400000, 0, 1, 6, 2, 1),
(62, 5, 'Penyediaan jasa jaminan barang milik daerah', 2017, 2, 676000, 2, 1, 0, 30000000, 0, 1, 6, 2, 1),
(63, 7, 'Penyediaan jasa administrasi keuangan', 2017, 2, 13630000, 1, 1, 17095000, 3285000, 0, 1, 6, 2, 1),
(64, 8, 'Penyediaan jasa kebersihan kantor', 2017, 2, 8563000, 2, 1, 0, 8563000, 0, 1, 6, 2, 1),
(65, 10, 'Penyediaan alat tulis kantor', 2017, 2, 42270500, 2, 1, 0, 42270500, 0, 1, 6, 2, 1),
(66, 11, 'Penyediaan barang cetakan dan penggandaan', 2017, 2, 8688000, 2, 1, 0, 28249200, 0, 1, 6, 2, 1),
(67, 13, 'Penyediaan peralatan dan perlengkapan kantor', 2017, 2, 8250000, 3, 1, 0, 0, 69464000, 1, 6, 2, 1),
(68, 15, 'Penyediaan bahan bacaan dan peraturan perundang-undangan', 2017, 2, 1020000, 2, 1, 0, 1020000, 0, 1, 6, 2, 1),
(69, 17, 'Penyediaan makanan dan minuman', 2017, 2, 84132000, 2, 1, 0, 84132000, 0, 1, 6, 2, 1),
(70, 18, 'Rapat-rapat koordinasi dan konsultasi ke luar daerah', 2017, 2, 305326000, 2, 1, 0, 305326000, 0, 1, 6, 2, 1),
(71, 19, 'Penyediaan Jasa Tenaga Administrasi dan Tenaga Teknis Lainnya', 2017, 2, 2102280000, 1, 1, 2102280000, 500000, 0, 1, 6, 2, 1),
(72, 20, 'Rapat-Rapat Koordinasi dan Konsultasi Dalam  Daerah', 2017, 2, 209710000, 2, 1, 0, 209710000, 0, 1, 6, 2, 1),
(73, 2, 'Pembangunan rumah dinas', 2017, 2, 2208313, 2, 1, 0, 6033313, 392091686, 2, 6, 2, 1),
(74, 5, 'pengadaan Kendaraan dinas/operasional', 2017, 2, 412876174, 3, 1, 0, 0, 412876174, 2, 6, 2, 1),
(75, 10, 'Pengadaan mebeleur', 2017, 2, 39400000, 3, 1, 0, 0, 39400000, 2, 6, 2, 1),
(76, 24, 'Pemeliharaan rutin/berkala kendaraan dinas/operasional', 2017, 2, 209000000, 2, 1, 0, 293875000, 0, 2, 6, 2, 1),
(77, 41, 'Rehabilitasi sedang/berat rumah dinas', 2017, 2, 3300000, 1, 1, 3300000, 391809688, 0, 2, 6, 2, 1),
(78, 42, 'Rehabilitasi sedang/berat gedung kantor', 2017, 2, 1221000, 2, 1, 0, 774451000, 0, 2, 6, 2, 1),
(79, 2, 'Pengadaan pakaian dinas beserta perlengkapannya', 2017, 2, 3771000, 2, 1, 0, 36603000, 0, 3, 6, 2, 1),
(80, 1, 'Pendidikan dan pelatihan formal', 2017, 2, 29710500, 2, 1, 0, 1058447600, 0, 5, 6, 2, 1),
(81, 1, 'Pengadaaan Obat dan Perbekalan Kesehatan', 2017, 2, 6205000, 1, 1, 9125000, 3129397000, 0, 15, 6, 2, 1),
(82, 2, 'Peningkatan pemerataan obat dan perbekalan kesehatan', 2017, 2, 1855500, 2, 1, 0, 48740500, 0, 15, 6, 2, 1),
(83, 4, 'Peningkatan mutu pelayanan farmasi komunitas dan rumah sakit', 2017, 2, 2574000, 2, 1, 0, 31074000, 1116728000, 15, 6, 2, 1),
(84, 6, 'Monitoring, evaluasi dan pelaporan', 2017, 2, 2375000, 2, 1, 0, 47750000, 0, 15, 6, 2, 1),
(85, 6, 'Revitalisasi sistem kesehatan', 2017, 2, 4375000, 2, 1, 0, 101475000, 0, 16, 6, 2, 1),
(86, 9, 'Peningkatan kesehatan masyarakat', 2017, 2, 57700000, 1, 1, 492750000, 23156048600, 0, 16, 6, 2, 1),
(87, 12, 'Peningkatan pelayanan dan penanggulangan masalah kesehatan', 2017, 2, 22000000, 1, 1, 64000000, 297359000, 0, 16, 6, 2, 1),
(88, 15, 'Monitoring, evaluasi dan pelaporan', 2017, 2, 2010000, 2, 1, 0, 29505000, 0, 16, 6, 2, 1),
(89, 1, 'Peningkatan pemberdayaan konsumen/masyarakat di bidang obat dan makanan', 2017, 2, 4165000, 2, 1, 0, 104410000, 0, 17, 6, 2, 1),
(90, 2, 'Peningkatan pengawasan keaman pangan dan bahan berbahaya', 2017, 2, 8750000, 2, 1, 0, 177110000, 0, 17, 6, 2, 1),
(91, 4, 'Peningkatan penyidikan dan penegakan hukum di bidang obat dan makanan', 2017, 2, 2720000, 2, 1, 0, 89950000, 0, 17, 6, 2, 1),
(92, 1, 'Pengembangan media promosi dan informasi sadar hidup sehat', 2017, 2, 143650000, 2, 1, 0, 206254600, 0, 19, 6, 2, 1),
(93, 2, 'Penyuluhan masyarakat pola hidup sehat', 2017, 2, 4290000, 1, 1, 4290000, 256763500, 0, 19, 6, 2, 1),
(94, 2, 'Pemberian tambahan makanan dan vitamin', 2017, 2, 315000000, 2, 1, 0, 315000000, 0, 20, 6, 2, 1),
(95, 1, 'Pengkajian pengembangan lingkungan sehat', 2017, 2, 1920000, 2, 1, 0, 172820000, 0, 21, 6, 2, 1),
(96, 1, 'Penyemprotan/fogging sarang nyamuk', 2017, 2, 500000, 2, 1, 0, 97470000, 0, 22, 6, 2, 1),
(97, 4, 'Pelayanan vaksinasi bagi balita dan anak sekolah', 2017, 2, 275000, 2, 1, 0, 52225000, 0, 22, 6, 2, 1),
(98, 5, 'Pelayanan pencegahan dan penanggulangan penyakit menular', 2017, 2, 7000000, 1, 1, 7000000, 119800000, 0, 22, 6, 2, 1),
(99, 6, 'Pencegahan penularan penyakit Endemik/Epidemik', 2017, 2, 15600000, 2, 1, 0, 889565000, 0, 22, 6, 2, 1),
(100, 8, 'Peningkatan imuniasasi', 2017, 2, 1211000, 2, 1, 0, 36936000, 31400000, 22, 6, 2, 1),
(101, 9, 'Peningkatan survellance Epidemiologi dan penanggulangan wabah', 2017, 2, 270000, 2, 1, 0, 15420000, 0, 22, 6, 2, 1),
(102, 10, 'Peningkatam komunikasi, informasi dan edukasi (ide) pencegahan dan pemberantasan penyakit', 2017, 2, 1519000, 2, 1, 0, 76942800, 0, 22, 6, 2, 1),
(103, 1, 'Penyusunan standar pelayanan kesehatan', 2017, 2, 900000, 1, 1, 900000, 832990000, 0, 23, 6, 2, 1),
(104, 3, 'Pembangunan dan pemutakhiran data dasar standar pelayanan kesehatan', 2017, 2, 18550000, 1, 1, 49750000, 4250000, 38000000, 23, 6, 2, 1),
(105, 4, 'Penyusunan naskah akademis standar pelayanan kesehatan', 2017, 2, 24000000, 1, 1, 24000000, 29908500, 0, 23, 6, 2, 1),
(106, 1, 'Pembangunan puskesmas', 2017, 2, 40555960, 2, 1, 0, 194755960, 29392049128, 25, 6, 2, 1),
(107, 2, 'Pembangunan puskesmas pembantu', 2017, 2, 3240760, 2, 1, 0, 900000000, 0, 25, 6, 2, 1),
(108, 4, 'Pengadaan puskesmas keliling', 2017, 2, 4000000, 2, 1, 0, 4000000, 8929525000, 25, 6, 2, 1),
(109, 7, 'Pengadaan sarana dan prasarana puskesmas', 2017, 2, 287340000, 2, 1, 0, 307413000, 11829869000, 25, 6, 2, 1),
(110, 8, 'Pengadaan sarana dan prasarana puskesmas pembantu', 2017, 2, 1180000, 1, 1, 1180000, 45000000, 23991000, 25, 6, 2, 1),
(111, 21, 'Rehabilitasi sedang/berat puskesmas pembantu', 2017, 2, 9325000, 1, 1, 9325000, 813622273, 0, 25, 6, 2, 1),
(112, 1, 'Kemitraan asuransi kesehatan masyarakat', 2017, 2, 7500000, 2, 1, 0, 8065455900, 0, 28, 6, 2, 1),
(113, 1, 'Penyuluhan kesehatan bagi ibu hamil dari keluarga kurang mampu', 2017, 2, 150225000, 2, 1, 0, 269150000, 0, 32, 6, 2, 1),
(114, 1, 'Pelayanan JKN pada fasilitas Kesehatan Tingkat Pertama', 2017, 2, 13618508189, 2, 1, 0, 15424848789, 0, 33, 6, 2, 1),
(115, 1, 'Penyediaan jasa surat menyurat', 2017, 2, 4800000, 2, 1, 0, 7200000, 0, 1, 7, 2, 1),
(116, 2, 'Penyediaan jasa komunikasi, sumber daya air dan listrik', 2017, 2, 27000000, 2, 1, 0, 511500000, 0, 1, 7, 2, 1),
(117, 7, 'Penyediaan jasa administrasi keuangan', 2017, 2, 23456000, 1, 1, 23456000, 0, 0, 1, 7, 2, 1),
(118, 8, 'Penyediaan jasa kebersihan kantor', 2017, 2, 164095000, 2, 1, 0, 179845000, 0, 1, 7, 2, 1),
(119, 10, 'Penyediaan alat tulis kantor', 2017, 2, 179557000, 2, 1, 0, 180557000, 0, 1, 7, 2, 1),
(120, 11, 'Penyediaan barang cetakan dan penggandaan', 2017, 2, 198309000, 2, 1, 0, 208809000, 0, 1, 7, 2, 1),
(121, 12, 'Penyediaan komponen instalasi listrik/penerangan bangunan kantor', 2017, 2, 41505000, 2, 1, 0, 41505000, 0, 1, 7, 2, 1),
(122, 15, 'Penyediaan bahan bacaan dan peraturan perundang-undangan', 2017, 2, 1200000, 2, 1, 0, 1200000, 1625000, 1, 7, 2, 1),
(123, 17, 'Penyediaan makanan dan minuman', 2017, 2, 10350000, 2, 1, 0, 10350000, 0, 1, 7, 2, 1),
(124, 18, 'Rapat-rapat koordinasi dan konsultasi ke luar daerah', 2017, 2, 190462000, 2, 1, 0, 190462000, 0, 1, 7, 2, 1),
(125, 19, 'Penyediaan Jasa Tenaga Administrasi dan Tenaga Teknis Lainnya', 2017, 2, 4533960000, 1, 1, 4533960000, 1750000, 0, 1, 7, 2, 1),
(126, 20, 'Rapat-Rapat Koordinasi dan Konsultasi Dalam  Daerah', 2017, 2, 44250000, 2, 1, 0, 44250000, 0, 1, 7, 2, 1),
(127, 2, 'Pembangunan rumah dinas', 2017, 2, 0, 3, 1, 0, 0, 0, 2, 7, 2, 1),
(128, 5, 'pengadaan Kendaraan dinas/operasional', 2017, 2, 24785000, 3, 1, 0, 0, 64785000, 2, 7, 2, 1),
(129, 7, 'Pengadaan perlengkapan gedung kantor', 2017, 2, 12000000, 3, 1, 0, 0, 415770000, 2, 7, 2, 1),
(130, 9, 'Pengadaan peralatan gedung kantor', 2017, 2, 5799000, 3, 1, 0, 0, 1024277000, 2, 7, 2, 1),
(131, 24, 'Pemeliharaan rutin/berkala kendaraan dinas/operasional', 2017, 2, 18680000, 2, 1, 0, 224023350, 0, 2, 7, 2, 1),
(132, 28, 'Pemeliharaan rutin/berkala peralatan gedung kantor', 2017, 2, 133275000, 2, 1, 0, 264147138, 0, 2, 7, 2, 1),
(133, 2, 'Pengadaan pakaian dinas beserta perlengkapannya', 2017, 2, 89359000, 2, 1, 0, 145279000, 0, 3, 7, 2, 1),
(134, 1, 'Pendidikan dan pelatihan formal', 2017, 2, 87000000, 2, 1, 0, 491620000, 0, 5, 7, 2, 1),
(135, 1, 'Pengadaaan Obat dan Perbekalan Kesehatan', 2017, 2, 5545000, 1, 1, 8275000, 2981060000, 0, 15, 7, 2, 1),
(136, 9, 'Peningkatan kesehatan masyarakat', 2017, 2, 21000000, 1, 1, 21000000, 1235839000, 0, 16, 7, 2, 1),
(137, 1, 'Pengembangan media promosi dan informasi sadar hidup sehat', 2017, 2, 2006500, 2, 1, 0, 6392500, 0, 19, 7, 2, 1),
(138, 1, 'Pengkajian pengembangan lingkungan sehat', 2017, 2, 1750000, 2, 1, 0, 37924000, 0, 21, 7, 2, 1),
(139, 2, 'Pengadaan alat fogging dan bahan-bahan fogging', 2017, 2, 17750000, 2, 1, 0, 17750000, 15000000, 22, 7, 2, 1),
(140, 1, 'Penyusunan standar pelayanan kesehatan', 2017, 2, 119250000, 1, 1, 119250000, 37596000, 0, 23, 7, 2, 1),
(141, 1, 'Pembangunan rumah sakit', 2017, 2, 4659577850, 3, 1, 0, 0, 4994122850, 26, 7, 2, 1),
(142, 17, 'Rehabilitasi bangunan rumah sakit', 2017, 2, 1065000, 1, 1, 2270000, 88000000, 0, 26, 7, 2, 1),
(143, 18, 'Pengadaan alat-alat kesehatan rumah sakit', 2017, 2, 1230000, 2, 1, 0, 1230000, 5625020000, 26, 7, 2, 1),
(144, 21, 'Pengadaan mebeuleur rumah sakit', 2017, 2, 48500000, 3, 1, 0, 0, 48500000, 26, 7, 2, 1),
(145, 22, 'Pengadaan perlengkapan rumah tangga rumah sakit (dapur, ruang pasien, laundry, ruang tunggu dan lain-lain)', 2017, 2, 5722000, 2, 1, 0, 5722000, 26600000, 26, 7, 2, 1),
(146, 23, 'Pengadaan bahan-bahan logistik rumah sakit', 2017, 2, 3750000, 1, 1, 5250000, 1065275000, 0, 26, 7, 2, 1),
(147, 25, 'Pengembangan tipe rumah sakit', 2017, 2, 111750000, 1, 1, 111750000, 882700000, 0, 26, 7, 2, 1),
(148, 1, 'Pemeliharaan rutin/berkala rumah sakit', 2017, 2, 65500000, 2, 1, 0, 65500000, 0, 27, 7, 2, 1),
(149, 16, 'Pemeliharaan rutin/berkala instalasi pengolahan limbah rumah sakit', 2017, 2, 16175000, 2, 1, 0, 16175000, 0, 27, 7, 2, 1),
(150, 17, 'Pemeliharaan rutin/berkala alat-alat kesehatan rumah sakit', 2017, 2, 96560000, 2, 1, 0, 96560000, 0, 27, 7, 2, 1),
(151, 18, 'Pemeliharaan rutin/berkala mobil ambulance/jenazah', 2017, 2, 39800000, 2, 1, 0, 202550000, 0, 27, 7, 2, 1),
(152, 4, 'Kemitraan alih teknologi kedokteran dan kesehatan', 2017, 2, 166800000, 2, 1, 0, 171000000, 0, 28, 7, 2, 1),
(153, 5, 'Kemitraan peningkatan kualitas dokter dan paramedis', 2017, 2, 1100000000, 2, 1, 0, 3823864000, 0, 28, 7, 2, 1),
(154, 1, 'Penyediaan jasa surat menyurat', 2017, 2, 8250000, 2, 1, 0, 8250000, 0, 1, 8, 3, 1),
(155, 2, 'Penyediaan jasa komunikasi, sumber daya air dan listrik', 2017, 2, 48000000, 2, 1, 0, 48000000, 0, 1, 8, 3, 1),
(156, 8, 'Penyediaan jasa kebersihan kantor', 2017, 2, 7870000, 2, 1, 0, 7870000, 0, 1, 8, 3, 1),
(157, 10, 'Penyediaan alat tulis kantor', 2017, 2, 39995000, 2, 1, 0, 39995000, 0, 1, 8, 3, 1),
(158, 11, 'Penyediaan barang cetakan dan penggandaan', 2017, 2, 3810000, 2, 1, 0, 27435000, 0, 1, 8, 3, 1),
(159, 12, 'Penyediaan komponen instalasi listrik/penerangan bangunan kantor', 2017, 2, 2000000, 2, 1, 0, 2000000, 0, 1, 8, 3, 1),
(160, 15, 'Penyediaan bahan bacaan dan peraturan perundang-undangan', 2017, 2, 11520000, 2, 1, 0, 11520000, 0, 1, 8, 3, 1),
(161, 17, 'Penyediaan makanan dan minuman', 2017, 2, 12718200, 2, 1, 0, 30081700, 0, 1, 8, 3, 1),
(162, 18, 'Rapat-rapat koordinasi dan konsultasi ke luar daerah', 2017, 2, 305236000, 2, 1, 0, 305236000, 0, 1, 8, 3, 1),
(163, 19, 'Penyediaan Jasa Tenaga Administrasi dan Tenaga Teknis Lainnya', 2017, 2, 445680000, 1, 1, 445680000, 690000, 0, 1, 8, 3, 1),
(164, 20, 'Rapat-rapat koordinasi dan konsultasi Dalam Daerah', 2017, 2, 70500000, 2, 1, 0, 70500000, 0, 1, 8, 3, 1),
(165, 7, 'Pengadaan perlengkapan gedung kantor', 2017, 2, 200000000, 3, 1, 0, 0, 200000000, 2, 8, 3, 1),
(166, 9, 'Pengadaan peralatan gedung kantor', 2017, 2, 12900000, 3, 1, 0, 0, 50400000, 2, 8, 3, 1),
(167, 22, 'Pemeliharaan rutin/berkala gedung kantor', 2017, 2, 10000000, 2, 1, 0, 10000000, 0, 2, 8, 3, 1),
(168, 24, 'Pemeliharaan rutin/berkala kendaraan dinas/operasional', 2017, 2, 90000000, 2, 1, 0, 150003500, 0, 2, 8, 3, 1),
(169, 26, 'Pemeliharaan rutin/berkala perlengkapan gedung kantor', 2017, 2, 2000000, 2, 1, 0, 2000000, 0, 2, 8, 3, 1),
(170, 28, 'Pemeliharaan rutin/berkala peralatan gedung kantor', 2017, 2, 10000000, 2, 1, 0, 10000000, 0, 2, 8, 3, 1),
(171, 3, 'Bimbingan teknis implementasi peraturan perundang-undangan', 2017, 2, 56525000, 2, 1, 0, 855437000, 0, 5, 8, 3, 1),
(172, 1, 'Perencanaan pembangunan jalan', 2017, 2, 1150000, 1, 1, 2710000, 955529100, 0, 15, 8, 3, 1),
(173, 3, 'Pembangunan jalan', 2017, 2, 4164950, 2, 1, 0, 237783350, 60446150000, 15, 8, 3, 1),
(174, 4, 'Perencanaan pembangunan jembatan', 2017, 2, 900000, 1, 1, 2250000, 312463000, 0, 15, 8, 3, 1),
(175, 5, 'Pembangunan jembatan', 2017, 2, 1346000, 2, 1, 0, 28369600, 12966780000, 15, 8, 3, 1),
(176, 6, 'Monitoring, evaluasi dan pelaporan', 2017, 2, 267400000, 2, 1, 0, 267400000, 0, 15, 8, 3, 1),
(177, 13, 'Survey dan pemetaan', 2017, 2, 9100000, 1, 1, 9100000, 415497500, 0, 15, 9, 5, 1),
(178, 3, 'Rehabilitasi/pemeliharaan jalan', 2017, 2, 7010000, 1, 1, 10950000, 2331628000, 0, 18, 8, 3, 1),
(179, 4, 'Rehabilitasi/pemeliharaan jembatan', 2017, 2, 1350000, 2, 1, 0, 200000000, 0, 18, 8, 3, 1),
(180, 5, 'Monitoring, evaluasi dan pelaporan', 2017, 2, 44000000, 2, 1, 0, 44000000, 0, 18, 8, 3, 1),
(181, 1, 'Penyusunan sistem informasi/data base jalan', 2017, 2, 1200000, 1, 1, 3800000, 1002077500, 0, 22, 8, 3, 1),
(182, 2, 'Penyusunan sistem informasi/data base jembatan', 2017, 2, 1150000, 1, 1, 2710000, 251963400, 0, 22, 8, 3, 1),
(183, 4, 'Pengadaan alat-alat berat', 2017, 2, 2580000, 1, 1, 6360000, 180200000, 14815000000, 23, 8, 3, 1),
(184, 1, 'Perencanaan pembangunan jaringan irigasi', 2017, 2, 343150000, 1, 1, 344710000, 913735500, 0, 24, 8, 3, 1),
(185, 2, 'Perencanaan pembangunan jaringan air bersih/air minum', 2017, 2, 1150000, 1, 1, 3470000, 344851000, 0, 24, 8, 3, 1),
(186, 3, 'Perencanaan pembangunan reservoir', 2017, 2, 1200000, 1, 1, 2760000, 953549500, 0, 24, 8, 3, 1),
(187, 10, 'Rehabilitasi/pemeliharaan jaringan irigasi', 2017, 2, 1166760000, 1, 1, 1166760000, 1264585000, 14267430000, 24, 8, 3, 1),
(188, 17, 'Monitoring, evaluasi dan pelaporan', 2017, 2, 341550000, 2, 1, 0, 341550000, 0, 24, 8, 3, 1),
(189, 4, 'Pembangunan sumur-sumur air tanah', 2017, 2, 2190500, 2, 1, 0, 65076900, 4507690000, 25, 8, 3, 1),
(190, 7, 'Monitoring, evaluasi dan pelaporan', 2017, 2, 105600000, 2, 1, 0, 105600000, 0, 25, 8, 3, 1),
(191, 1, 'Pembangunan embung, dan bangunan penampung air lainnya', 2017, 2, 1072000, 2, 1, 0, 1233898500, 10339730000, 26, 8, 3, 1),
(192, 7, 'Monitoring, evaluasi dan pelaporan', 2017, 2, 119600000, 2, 1, 0, 119600000, 0, 26, 8, 3, 1),
(193, 1, 'Penyediaan prasarana dan sarana air minum bagi masyarakat berpenghasilan rendah', 2017, 2, 2100000, 2, 1, 0, 126538500, 661150000, 27, 8, 3, 1),
(194, 6, 'Pengembangan sistem distribusi air minum', 2017, 2, 2762000, 2, 1, 0, 253178000, 2089000000, 27, 8, 3, 1),
(195, 9, 'Monitoring, evaluasi dan pelaporan', 2017, 2, 26400000, 2, 1, 0, 26400000, 0, 27, 8, 3, 1),
(196, 6, 'Mengendalikan banjir pada daerah tangkapan air dan badan-badan sungai', 2017, 2, 1333500, 2, 1, 0, 3619723500, 0, 28, 8, 3, 1),
(197, 11, 'Monitoring, evaluasi dan pelaporan', 2017, 2, 27600000, 2, 1, 0, 27600000, 0, 28, 8, 3, 1),
(198, 2, 'Pembangunan jalan dan jembatan perdesaan', 2017, 2, 2100500, 2, 1, 0, 143013500, 12065470000, 30, 8, 3, 1),
(199, 8, 'Monitoring, evaluasi dan pelaporan', 2017, 2, 41150000, 1, 1, 41150000, 127650000, 0, 30, 8, 3, 1),
(200, 9, 'Perencanaan Pembangunan Jalan Pedesaan', 2017, 2, 780000, 1, 1, 2800000, 62615400, 0, 30, 8, 3, 1),
(201, 5, 'Penyusunan Rencana Detail Tata Ruang Kawasan', 2017, 2, 1300000, 1, 1, 3020000, 789989500, 0, 32, 8, 3, 1),
(202, 1, 'Penyediaan jasa surat menyurat', 2017, 2, 1950000, 2, 1, 0, 1950000, 0, 1, 10, 4, 1),
(203, 8, 'Penyediaan jasa kebersihan kantor', 2017, 2, 3320000, 2, 1, 0, 3320000, 0, 1, 10, 4, 1),
(204, 10, 'Penyediaan alat tulis kantor', 2017, 2, 18000000, 2, 1, 0, 18000000, 0, 1, 10, 4, 1),
(205, 11, 'Penyediaan barang cetakan dan penggandaan', 2017, 2, 940000, 2, 1, 0, 9742200, 0, 1, 10, 4, 1),
(206, 17, 'Penyediaan makanan dan minuman', 2017, 2, 7982700, 2, 1, 0, 7982700, 0, 1, 10, 4, 1),
(207, 18, 'Rapat-rapat koordinasi dan konsultasi ke luar daerah', 2017, 2, 175639000, 2, 1, 0, 175639000, 0, 1, 10, 4, 1),
(208, 5, 'pengadaan Kendaraan dinas/operasional', 2017, 2, 54280000, 3, 1, 0, 0, 54280000, 2, 10, 4, 1),
(209, 7, 'Pengadaan perlengkapan gedung kantor', 2017, 2, 8000000, 3, 1, 0, 0, 8000000, 2, 10, 4, 1),
(210, 9, 'Pengadaan peralatan gedung kantor', 2017, 2, 6900000, 3, 1, 0, 0, 23400000, 2, 10, 4, 1),
(211, 24, 'Pemeliharaan rutin/berkala kendaraan dinas/operasional', 2017, 2, 4000000, 2, 1, 0, 18235000, 0, 2, 10, 4, 1),
(212, 3, 'Bimbingan teknis implementasi peraturan perundang-undangan', 2017, 2, 68520000, 2, 1, 0, 82770000, 0, 5, 10, 4, 1),
(213, 6, 'Fasilitasi dan stimulasi pembangunan perumahan masyarakat kurang mampu', 2017, 2, 375700000, 1, 1, 375700000, 1025672100, 0, 15, 10, 4, 1),
(214, 8, 'Monitoring, evaluasi dan pelaporan', 2017, 2, 110300000, 2, 1, 0, 110300000, 0, 15, 10, 4, 1),
(215, 2, 'Penyediaan sarana air bersih dan sanitasi dasar terutama bagi masyarakat miskin', 2017, 2, 2939000, 2, 1, 0, 5321038000, 0, 16, 10, 4, 1),
(216, 6, 'Monitoring, evaluasi dan pelaporan', 2017, 2, 168900000, 2, 1, 0, 168900000, 0, 16, 10, 4, 1),
(217, 1, 'Penyediaan jasa surat menyurat', 2017, 2, 2679000, 2, 1, 0, 2679000, 0, 1, 11, 5, 1),
(218, 2, 'Penyediaan jasa komunikasi, sumber daya air dan listrik', 2017, 2, 3000000, 2, 1, 0, 27720000, 0, 1, 11, 5, 1),
(219, 8, 'Penyediaan jasa kebersihan kantor', 2017, 2, 1750000, 2, 1, 0, 1750000, 0, 1, 11, 5, 1),
(220, 10, 'Penyediaan alat tulis kantor', 2017, 2, 15013000, 2, 1, 0, 15013000, 0, 1, 11, 5, 1),
(221, 11, 'Penyediaan barang cetakan dan penggandaan', 2017, 2, 1030000, 2, 1, 0, 5237000, 0, 1, 11, 5, 1),
(222, 15, 'Penyediaan bahan bacaan dan peraturan perundang-undangan', 2017, 2, 1200000, 2, 1, 0, 1200000, 0, 1, 11, 5, 1),
(223, 17, 'Penyediaan makanan dan minuman', 2017, 2, 1623600, 2, 1, 0, 1623600, 0, 1, 11, 5, 1),
(224, 18, 'Rapat-rapat koordinasi dan konsultasi ke luar daerah', 2017, 2, 184915000, 2, 1, 0, 184915000, 0, 1, 11, 5, 1),
(225, 19, 'Penyediaan Jasa Tenaga Administrasi dan Tenaga Teknis Lainnya', 2017, 2, 132240000, 1, 1, 132240000, 97000, 0, 1, 11, 5, 1),
(226, 20, 'Rapat-Rapat Koordinasi dan Konsultasi Dalam Daerah', 2017, 2, 36830000, 2, 1, 0, 36830000, 0, 1, 11, 5, 1),
(227, 7, 'Pengadaan perlengkapan gedung kantor', 2017, 2, 8500000, 3, 1, 0, 0, 8500000, 2, 11, 5, 1),
(228, 9, 'Pengadaan peralatan gedung kantor', 2017, 2, 16000000, 3, 1, 0, 0, 16000000, 2, 11, 5, 1),
(229, 22, 'Pemeliharaan rutin/berkala gedung kantor', 2017, 2, 2583400, 2, 1, 0, 2583400, 0, 2, 11, 5, 1),
(230, 24, 'Pemeliharaan rutin/berkala kendaraan dinas/operasional', 2017, 2, 4000000, 2, 1, 0, 45381000, 0, 2, 11, 5, 1),
(231, 26, 'Pemeliharaan rutin/berkala perlengkapan gedung kantor', 2017, 2, 750000, 2, 1, 0, 750000, 0, 2, 11, 5, 1),
(232, 28, 'Pemeliharaan rutin/berkala peralatan gedung kantor', 2017, 2, 2420000, 2, 1, 0, 2420000, 0, 2, 11, 5, 1),
(233, 29, 'Pemeliharaan rutin/berkala mebeleur', 2017, 2, 1575000, 2, 1, 0, 1575000, 0, 2, 11, 5, 1),
(234, 2, 'Pengadaan pakaian dinas beserta perlengkapannya', 2017, 2, 874500, 2, 1, 0, 12732000, 0, 3, 11, 5, 1),
(235, 5, 'Monitoring, evaluasi dan pelaporan', 2017, 2, 8000000, 2, 1, 0, 70000000, 0, 16, 11, 5, 1),
(236, 1, 'Peningkatan toleransi dan kerukunan dalam kehidupan beragama', 2017, 2, 1704000, 2, 1, 0, 38354000, 0, 17, 11, 5, 1),
(237, 3, 'Peningkatan kesadaran masyarakat akan nilai-nilai luhur budaya bangsa', 2017, 2, 1600000, 2, 1, 0, 33625000, 0, 17, 11, 5, 1),
(238, 1, 'Penyuluhan pencegahan peredaran/penggunaan minuman keras dan narkoba', 2017, 2, 1400000, 2, 1, 0, 34565000, 0, 20, 11, 5, 1),
(239, 1, 'Penyuluhan kepada masyarakat', 2017, 2, 30600000, 1, 1, 30600000, 14780000, 0, 21, 11, 5, 1),
(240, 3, 'Koordinasi forum-forum diskusi politik', 2017, 2, 26500000, 1, 1, 26500000, 6667500, 0, 21, 11, 5, 1),
(241, 6, 'Sosialisasi Undang-Undang Pilkada dan Persiapan Pemilu', 2017, 2, 5220000, 2, 1, 0, 190896000, 0, 21, 11, 5, 1),
(242, 7, 'Pembentukan Forum Kewaspadaan Dini Masyarakat', 2017, 2, 3807000, 2, 1, 0, 58867000, 0, 21, 11, 5, 1),
(243, 1, 'Penyediaan jasa surat menyurat', 2017, 2, 3150000, 2, 1, 0, 3150000, 0, 1, 12, 5, 1),
(244, 2, 'Penyediaan jasa komunikasi, sumber daya air dan listrik', 2017, 2, 1200000, 2, 1, 0, 43200000, 0, 1, 12, 5, 1),
(245, 8, 'Penyediaan jasa kebersihan kantor', 2017, 2, 5536250, 2, 1, 0, 5536250, 0, 1, 12, 5, 1),
(246, 10, 'Penyediaan alat tulis kantor', 2017, 2, 29304500, 2, 1, 0, 29304500, 0, 1, 12, 5, 1),
(247, 11, 'Penyediaan barang cetakan dan penggandaan', 2017, 2, 3020000, 2, 1, 0, 16820000, 0, 1, 12, 5, 1),
(248, 12, 'Penyediaan komponen instalasi listrik/penerangan bangunan kantor', 2017, 2, 9100000, 2, 1, 0, 9100000, 0, 1, 12, 5, 1),
(249, 17, 'Penyediaan makanan dan minuman', 2017, 2, 14400000, 2, 1, 0, 14400000, 0, 1, 12, 5, 1),
(250, 18, 'Rapat-rapat koordinasi dan konsultasi ke luar daerah', 2017, 2, 148010000, 2, 1, 0, 148010000, 0, 1, 12, 5, 1),
(251, 19, 'Penyediaan Jasa Tenaga Administrasi dan Tenaga Teknis Lainnya', 2017, 2, 2171840000, 1, 1, 2171840000, 0, 0, 1, 12, 5, 1),
(252, 20, 'Rapat-Rapat Koordinasi dan Konsultasi Dalam Daerah', 2017, 2, 125000000, 2, 1, 0, 125000000, 0, 1, 12, 5, 1),
(253, 7, 'Pengadaan perlengkapan gedung kantor', 2017, 2, 30750000, 3, 1, 0, 0, 30750000, 2, 12, 5, 1),
(254, 9, 'Pengadaan peralatan gedung kantor', 2017, 2, 28131000, 3, 1, 0, 0, 32278500, 2, 12, 5, 1),
(255, 10, 'Pengadaan mebeleur', 2017, 2, 28440000, 3, 1, 0, 0, 28440000, 2, 12, 5, 1),
(256, 22, 'Pemeliharaan rutin/berkala gedung kantor', 2017, 2, 4500000, 2, 1, 0, 4500000, 0, 2, 12, 5, 1),
(257, 24, 'Pemeliharaan rutin/berkala kendaraan dinas/operasional', 2017, 2, 10050000, 2, 1, 0, 136055000, 0, 2, 12, 5, 1),
(258, 26, 'Pemeliharaan rutin/berkala perlengkapan gedung kantor', 2017, 2, 5330000, 2, 1, 0, 5330000, 0, 2, 12, 5, 1),
(259, 28, 'Pemeliharaan rutin/berkala peralatan gedung kantor', 2017, 2, 13250000, 2, 1, 0, 13250000, 0, 2, 12, 5, 1),
(260, 2, 'Pengadaan pakaian dinas beserta perlengkapannya', 2017, 2, 196000000, 2, 1, 0, 196000000, 0, 3, 12, 5, 1),
(261, 1, 'Pendidikan dan pelatihan formal', 2017, 2, 30375000, 2, 1, 0, 107055000, 0, 5, 12, 5, 1),
(262, 3, 'Bimbingan teknis implementasi peraturan perundang-undangan', 2017, 2, 40300000, 2, 1, 0, 65300000, 0, 5, 12, 5, 1),
(263, 1, 'Penyiapan tenaga pengendali kemanan dan kenyamanan lingkungan', 2017, 2, 10950000, 1, 1, 10950000, 260567750, 0, 15, 12, 5, 1),
(264, 5, 'Pengendalian keamanan lingkungan', 2017, 2, 858000, 2, 1, 0, 71183000, 0, 15, 12, 5, 1),
(265, 1, 'Pengawasan pengendalian dan evaluasi kegiatan polisi pamong praja', 2017, 2, 263000, 2, 1, 0, 15113000, 0, 16, 12, 5, 1),
(266, 2, 'Peningkatan kerjasama dengan aparat keamanan dalam teknik pencegahan kejahatan', 2017, 2, 713500, 2, 1, 0, 114613500, 0, 16, 12, 5, 1),
(267, 6, 'Pengamanan Aset dan pejabat publik dari tindak kriminal', 2017, 2, 372000000, 1, 1, 372000000, 566000, 0, 16, 12, 5, 1),
(268, 1, 'Pelaksanaan pengawasan Internal secara berkala', 2017, 2, 601500, 2, 1, 0, 71211500, 0, 20, 13, 1, 4),
(269, 3, 'Pengendalian manajemen pelaksanaan kebijakan KDH', 2017, 2, 719500, 2, 1, 0, 50194500, 0, 20, 13, 1, 4),
(270, 1, 'Penyediaan jasa surat menyurat', 2017, 2, 4500000, 2, 1, 0, 39500000, 0, 1, 14, 6, 1),
(271, 2, 'Penyediaan jasa komunikasi, sumber daya air dan listrik', 2017, 2, 1200000, 2, 1, 0, 31200000, 0, 1, 14, 6, 1),
(272, 8, 'Penyediaan jasa kebersihan kantor', 2017, 2, 4935000, 2, 1, 0, 4935000, 0, 1, 14, 6, 1),
(273, 10, 'Penyediaan alat tulis kantor', 2017, 2, 47814500, 2, 1, 0, 47814500, 0, 1, 14, 6, 1),
(274, 11, 'Penyediaan barang cetakan dan penggandaan', 2017, 2, 1120000, 2, 1, 0, 11080000, 0, 1, 14, 6, 1),
(275, 12, 'Penyediaan komponen instalasi listrik/penerangan bangunan kantor', 2017, 2, 4209000, 2, 1, 0, 4209000, 0, 1, 14, 6, 1),
(276, 15, 'Penyediaan bahan bacaan dan peraturan perundang-undangan', 2017, 2, 1200000, 2, 1, 0, 1200000, 0, 1, 14, 6, 1),
(277, 17, 'Penyediaan makanan dan minuman', 2017, 2, 13800000, 2, 1, 0, 18660000, 0, 1, 14, 6, 1),
(278, 18, 'Rapat-rapat koordinasi dan konsultasi ke luar daerah', 2017, 2, 515195000, 2, 1, 0, 515195000, 0, 1, 14, 6, 1),
(279, 19, 'Penyediaan Jasa Tenaga Administrasi dan Tenaga Teknis Lainnya', 2017, 2, 280800000, 1, 1, 280800000, 1500000, 0, 1, 14, 6, 1),
(280, 20, 'Rapat-rapat Koordinasi dan Konsultasi Dalam Daerah', 2017, 2, 114080000, 2, 1, 0, 114080000, 0, 1, 14, 6, 1),
(281, 9, 'Pengadaan peralatan gedung kantor', 2017, 2, 25811000, 2, 1, 0, 25811000, 37880000, 2, 14, 6, 1),
(282, 10, 'Pengadaan mebeleur', 2017, 2, 25500000, 3, 1, 0, 0, 25500000, 2, 14, 6, 1),
(283, 22, 'Pemeliharaan rutin/berkala gedung kantor', 2017, 2, 4400000, 2, 1, 0, 4400000, 0, 2, 14, 6, 1),
(284, 24, 'Pemeliharaan rutin/berkala kendaraan dinas/operasional', 2017, 2, 33000000, 2, 1, 0, 133800000, 0, 2, 14, 6, 1),
(285, 28, 'Pemeliharaan rutin/berkala peralatan gedung kantor', 2017, 2, 9680000, 2, 1, 0, 9680000, 0, 2, 14, 6, 1),
(286, 2, 'Pengadaan pakaian dinas beserta perlengkapannya', 2017, 2, 53160000, 2, 1, 0, 53160000, 0, 3, 14, 6, 1),
(287, 3, 'Bimbingan teknis implementasi peraturan perundang-undangan', 2017, 2, 33684000, 2, 1, 0, 53684000, 0, 5, 14, 6, 1),
(288, 3, 'Fasilitasi manajemen usaha bagi keluarga miskin', 2017, 2, 5260000, 2, 1, 0, 85700000, 0, 15, 14, 6, 1),
(289, 6, 'Pemetaan Sosial Komunitas Adat Terpencil', 2017, 2, 5500000, 1, 1, 5500000, 190630000, 0, 15, 14, 6, 1),
(290, 7, 'Pemberdayaan Keluarga Fakir Miskin melalui Kelompok Usaha Bersama (KUBE)', 2017, 2, 400000, 1, 1, 1545000, 416379000, 0, 15, 14, 6, 1),
(291, 8, 'Peningkatan Kualitas Sumber Daya Manusia melalui Rumah Tangga Sangat Miskin (RTSM)', 2017, 2, 25950000, 1, 1, 25950000, 655816700, 0, 15, 14, 6, 1),
(292, 3, 'Pelaksanaan KIE konseling dan kampanye sosial bagi Penyandang Masalah Kesejahteraan Sosial (PMKS)', 2017, 2, 810000, 2, 1, 0, 30083500, 0, 16, 14, 6, 1),
(293, 7, 'Peningkatan kualitas pelayanan, sarana, dan prasarana rehabilitasi kesejahteraan sosial bagi PMKS', 2017, 2, 300000, 1, 1, 1445000, 109200000, 0, 16, 14, 6, 1),
(294, 10, 'Penanganan masalah-masalah strategis yang menyangkut tanggap cepat darurat dan kejadian luar biasa', 2017, 2, 131450000, 2, 1, 0, 314531400, 0, 16, 14, 6, 1),
(295, 12, 'Penyelenggaraan Pencarian dan Penyelamatan Korban Bencana Alam dan Bencana Lainnya', 2017, 2, 913200000, 1, 1, 913200000, 18584900, 0, 16, 14, 6, 1),
(296, 17, 'Pelatihan dan Bimbingan Teknis bagi taruna siaga bencana', 2017, 2, 1650000, 1, 1, 3045000, 74200000, 0, 16, 14, 6, 1),
(297, 2, 'Pelatihan ketrampilan dan praktek belajar kerja bagi anak terlantar', 2017, 2, 300000, 1, 1, 600000, 250254900, 0, 17, 14, 6, 1),
(298, 4, 'Pengembangan bakat dan ketrampilan anak terlantar', 2017, 2, 300000, 1, 1, 1445000, 81880000, 0, 17, 14, 6, 1),
(299, 3, 'Pendidikan dan pelatihan bagi penyandang cacat dan eks trauma', 2017, 2, 970000, 2, 1, 0, 158289000, 0, 18, 14, 6, 1),
(300, 4, 'Pendayagunaan para penyandang cacat dan eks trauma', 2017, 2, 300000, 1, 1, 1380000, 71747000, 0, 18, 14, 6, 1),
(301, 4, 'Pemberdayaan eks penyandang penyakit sosial', 2017, 2, 300000, 1, 1, 1445000, 109484900, 0, 20, 14, 6, 1),
(302, 6, 'Pengembangan model kelembagaan perlindungan sosial Lanjut Usia', 2017, 2, 300000, 1, 1, 1445000, 201813000, 0, 21, 14, 6, 1),
(303, 11, 'Sarahsehan Nilai K3', 2017, 2, 1542500, 2, 1, 0, 27885200, 0, 21, 14, 6, 1),
(304, 13, 'Bimbingan Ketrampilan Karang Taruna', 2017, 2, 400000, 1, 1, 2150000, 475505800, 0, 21, 14, 6, 1),
(305, 20, 'Penyuluhan Sosial Daerah Rawan Konflik', 2017, 2, 1365000, 2, 1, 0, 24234000, 0, 21, 14, 6, 1),
(306, 21, 'Bimbingan dan Pelatihan Teknis bagi Tenaga Kesejahteraan Sosial Kecamatan (TKSK)', 2017, 2, 3950000, 1, 1, 464030000, 31978600, 0, 21, 14, 6, 1),
(307, 1, 'Penyediaan jasa surat menyurat', 2017, 2, 3000000, 2, 1, 0, 3000000, 0, 1, 15, 1, 2),
(308, 2, 'Penyediaan jasa komunikasi, sumber daya air dan listrik', 2017, 2, 3600000, 2, 1, 0, 8400000, 0, 1, 15, 1, 2),
(309, 8, 'Penyediaan jasa kebersihan kantor', 2017, 2, 4735000, 2, 1, 0, 4735000, 0, 1, 15, 1, 2),
(310, 10, 'Penyediaan alat tulis kantor', 2017, 2, 15692850, 2, 1, 0, 15692850, 0, 1, 15, 1, 2),
(311, 11, 'Penyediaan barang cetakan dan penggandaan', 2017, 2, 3950000, 2, 1, 0, 13361000, 0, 1, 15, 1, 2),
(312, 15, 'Penyediaan bahan bacaan dan peraturan perundang-undangan', 2017, 2, 1200000, 2, 1, 0, 1200000, 0, 1, 15, 1, 2),
(313, 17, 'Penyediaan makanan dan minuman', 2017, 2, 8250000, 2, 1, 0, 8250000, 0, 1, 15, 1, 2),
(314, 18, 'Rapat-rapat koordinasi dan konsultasi ke luar daerah', 2017, 2, 206656000, 2, 1, 0, 206656000, 0, 1, 15, 1, 2),
(315, 19, 'Penyediaan Jasa Tenaga Administrasi dan Tenaga Teknis Lainnya', 2017, 2, 92400000, 1, 1, 92400000, 210000, 0, 1, 15, 1, 2),
(316, 20, 'Rapat-Rapat Koordinasi dan Konsultasi Dalam Daerah', 2017, 2, 40050000, 2, 1, 0, 40050000, 0, 1, 15, 1, 2),
(317, 7, 'Pengadaan perlengkapan gedung kantor', 2017, 2, 4000000, 3, 1, 0, 0, 4000000, 2, 15, 1, 2),
(318, 9, 'Pengadaan peralatan gedung kantor', 2017, 2, 8250000, 3, 1, 0, 0, 23000000, 2, 15, 1, 2),
(319, 24, 'Pemeliharaan rutin/berkala kendaraan dinas/operasional', 2017, 2, 12445000, 2, 1, 0, 50000000, 0, 2, 15, 1, 2),
(320, 28, 'Pemeliharaan rutin/berkala peralatan gedung kantor', 2017, 2, 9350000, 2, 1, 0, 9350000, 0, 2, 15, 1, 2),
(321, 2, 'Pengadaan pakaian dinas beserta perlengkapannya', 2017, 2, 3933000, 2, 1, 0, 19965000, 0, 3, 15, 1, 2),
(322, 3, 'Bimbingan teknis implementasi peraturan perundang-undangan', 2017, 2, 21182000, 2, 1, 0, 31182000, 0, 5, 15, 1, 2),
(323, 3, 'Penyediaan dan pengelolaan prasarana dan sarana sosial dan ekonomi di kawasan transmigrasi', 2017, 2, 2700000, 1, 1, 3750000, 258900000, 0, 15, 16, 8, 3),
(324, 2, 'Pembangunan balai latihan kerja', 2017, 2, 3840000, 1, 1, 11240000, 532510000, 0, 15, 15, 1, 2),
(325, 4, 'Peningkatan profesionalisme tenaga kepelatihan dan instruktur BLK', 2017, 2, 1000000, 2, 1, 0, 22182000, 0, 15, 15, 1, 2),
(326, 6, 'Pendidikan dan pelatihan ketrampilan bagi pencari kerja', 2017, 2, 3700000, 1, 1, 8200000, 726252500, 0, 15, 15, 1, 2),
(327, 2, 'Penyebarluasan informasi bursa tenaga kerja', 2017, 2, 20000000, 2, 1, 0, 123300000, 38250000, 16, 15, 1, 2),
(328, 5, 'Pengembangan kelembagaan produktivitas dan pelatihan kewirausahaan', 2017, 2, 4700000, 1, 1, 9300000, 623104000, 0, 16, 15, 1, 2),
(329, 1, 'Penyuluhan transmigrasi lokal', 2017, 2, 208000, 2, 1, 0, 41200000, 0, 16, 16, 8, 3),
(330, 2, 'Fasilitasi penyelesaian prosedur, penyelesaian perselisihan hubungan industrial', 2017, 2, 250000, 2, 1, 0, 65600000, 0, 17, 15, 1, 2),
(331, 5, 'Peningkatan pengawasan, perlindungan dan penegakkan hukum terhadap keselamatan dan kesehatan kerja', 2017, 2, 78600000, 2, 1, 0, 78600000, 0, 17, 15, 1, 2),
(332, 7, 'Pemantauan kinerja lembaga penyalur tenaga kerja', 2017, 2, 157400000, 1, 1, 157400000, 692786000, 0, 17, 15, 1, 2),
(333, 1, 'Penyediaan jasa surat menyurat', 2017, 2, 1500000, 2, 1, 0, 1500000, 0, 1, 17, 2, 2),
(334, 8, 'Penyediaan jasa kebersihan kantor', 2017, 2, 2200000, 2, 1, 0, 2200000, 0, 1, 17, 2, 2),
(335, 10, 'Penyediaan alat tulis kantor', 2017, 2, 22500000, 2, 1, 0, 22500000, 0, 1, 17, 2, 2),
(336, 11, 'Penyediaan barang cetakan dan penggandaan', 2017, 2, 267000, 2, 1, 0, 6665000, 0, 1, 17, 2, 2),
(337, 15, 'Penyediaan bahan bacaan dan peraturan perundang-undangan', 2017, 2, 1200000, 2, 1, 0, 1200000, 0, 1, 17, 2, 2),
(338, 17, 'Penyediaan makanan dan minuman', 2017, 2, 12000000, 2, 1, 0, 12000000, 0, 1, 17, 2, 2),
(339, 18, 'Rapat-rapat koordinasi dan konsultasi ke luar daerah', 2017, 2, 263878000, 2, 1, 0, 263878000, 0, 1, 17, 2, 2),
(340, 19, 'Penyediaan Jasa Tenaga Administrasi dan Tenaga Teknis Lainnya', 2017, 2, 1187640000, 1, 1, 1187640000, 13449000, 0, 1, 17, 2, 2),
(341, 20, 'Rapat-Rapat Koordinasi dan Konsultasi Dalam Daerah', 2017, 2, 54950000, 2, 1, 0, 54950000, 0, 1, 17, 2, 2),
(342, 7, 'Pengadaan perlengkapan gedung kantor', 2017, 2, 8400000, 3, 1, 0, 0, 10270000, 2, 17, 2, 2),
(343, 10, 'Pengadaan mebeleur', 2017, 2, 16500000, 2, 1, 0, 16500000, 33100000, 2, 17, 2, 2),
(344, 24, 'Pemeliharaan rutin/berkala kendaraan dinas/operasional', 2017, 2, 55050000, 2, 1, 0, 97672000, 0, 2, 17, 2, 2),
(345, 2, 'Pengadaan pakaian dinas beserta perlengkapannya', 2017, 2, 8970000, 2, 1, 0, 38076000, 0, 3, 17, 2, 2),
(346, 1, 'Penyediaan pelayanan KB dan Alat kontrasepsi bagi Keluarga Miskin', 2017, 2, 30000000, 2, 1, 0, 88250000, 11210500, 15, 18, 8, 2),
(347, 2, 'Pelayanan KIE', 2017, 2, 56700000, 2, 1, 0, 460200000, 0, 15, 18, 8, 2),
(348, 4, 'Promosi Pelayanan Khiba', 2017, 2, 708400, 2, 1, 0, 42000000, 0, 15, 18, 8, 2),
(349, 5, 'Pembinaan Keluarga Berencana', 2017, 2, 408000, 2, 1, 0, 48850000, 0, 15, 18, 8, 2),
(350, 3, 'Pelaksanaan sosilaisasi yang terkait dengan kesetaraan gender, pemberdayaan perempuan dan perlindungan anak', 2017, 2, 1063500, 2, 1, 0, 42543000, 0, 15, 17, 2, 2),
(351, 1, 'Advokasi dan KIE tentang Kesehatan Reproduksi Remaja (KRR)', 2017, 2, 1055000, 2, 1, 0, 45000000, 0, 16, 18, 8, 2),
(352, 2, 'Memperkuat dukungan dan partisipasi masyarakat', 2017, 2, 1753400, 2, 1, 0, 30000000, 0, 16, 18, 8, 2),
(353, 1, 'Advokasi dan fasilitasi PUG bagi perempuan', 2017, 2, 750000, 1, 1, 750000, 6416500, 0, 16, 17, 2, 2),
(354, 4, 'Pengembangan materi dan pelaksanaan KIE tentang kesetaraan dan keadilan gender (KKG)', 2017, 2, 378000, 2, 1, 0, 49000000, 0, 16, 17, 2, 2),
(355, 5, 'Penguatan kelembagaan pengarusutamaan gender dan anak', 2017, 2, 2400000, 1, 1, 2400000, 57725000, 0, 16, 17, 2, 2),
(356, 1, 'Pelayanan konseling KB', 2017, 2, 156000, 2, 1, 0, 39725500, 0, 17, 18, 8, 2),
(357, 3, 'Penyusunan sistem perlindungan bagi perempuan', 2017, 2, 2700000, 1, 1, 4200000, 104656000, 0, 17, 17, 2, 2),
(358, 1, 'Fasilitasi pembentukan kelompok masyarakat peduli KB', 2017, 2, 43300, 2, 1, 0, 4193300, 0, 18, 18, 8, 2),
(359, 1, 'Kegiatan pembinaan organisasi perempuan', 2017, 2, 295000, 2, 1, 0, 56310000, 0, 18, 17, 2, 2),
(360, 2, 'Kegiatan pendidikan dan pelatihan peningkatan peran serta dan kesetaraan jender', 2017, 2, 1150000, 1, 1, 1150000, 27540000, 0, 18, 17, 2, 2),
(361, 1, 'Penyuluhan kesehatan ibu, bayi dan anak melalui kelompok dimasyarakat', 2017, 2, 3600000, 1, 1, 3600000, 27754000, 0, 19, 18, 8, 2),
(362, 2, 'Fasilitasi forum pelayanan KKR bagi kelompok remaja dan kelompok sebaya diluar sekolah', 2017, 2, 1089000, 2, 1, 0, 28802000, 0, 20, 18, 8, 2),
(363, 3, 'Pembangunan Balai Penyuluhan Keluarga Berencana', 2017, 2, 900000, 1, 1, 2165000, 3553000, 940580000, 20, 18, 8, 2),
(364, 1, 'Penyuluhan penanggulangan narkoba dan PMS di sekolah', 2017, 2, 85000, 2, 1, 0, 39650000, 0, 21, 18, 8, 2),
(365, 1, 'Pengumpulan bahan informasi tentang pengasuhan dan pembinaan tumbuh kembang anak', 2017, 2, 600000, 1, 1, 1250000, 121452000, 0, 22, 18, 8, 2),
(366, 2, 'Pembinaan Pendampingan Kelompok Kegiatan Bina Keluarga', 2017, 2, 2384200, 2, 1, 0, 127819200, 0, 23, 18, 8, 2),
(367, 1, 'Pengkajian pengembangan model operasional BKB-Posyandu-PADU', 2017, 2, 152000, 2, 1, 0, 30000000, 0, 24, 18, 8, 2),
(368, 1, 'Penyediaan jasa surat menyurat', 2017, 2, 999000, 2, 1, 0, 999000, 0, 1, 19, 3, 2),
(369, 2, 'Penyediaan jasa komunikasi, sumber daya air dan listrik', 2017, 2, 2400000, 2, 1, 0, 6000000, 0, 1, 19, 3, 2),
(370, 10, 'Penyediaan alat tulis kantor', 2017, 2, 10278500, 2, 1, 0, 10278500, 0, 1, 19, 3, 2),
(371, 11, 'Penyediaan barang cetakan dan penggandaan', 2017, 2, 2872000, 2, 1, 0, 5045500, 0, 1, 19, 3, 2),
(372, 15, 'Penyediaan bahan bacaan dan peraturan perundang-undangan', 2017, 2, 1152000, 2, 1, 0, 1152000, 0, 1, 19, 3, 2),
(373, 17, 'Penyediaan makanan dan minuman', 2017, 2, 11160000, 2, 1, 0, 11160000, 0, 1, 19, 3, 2),
(374, 18, 'Rapat-rapat koordinasi dan konsultasi ke luar daerah', 2017, 2, 335488000, 2, 1, 0, 335488000, 0, 1, 19, 3, 2),
(375, 7, 'Pengadaan perlengkapan gedung kantor', 2017, 2, 6000000, 3, 1, 0, 0, 62000000, 2, 19, 3, 2),
(376, 9, 'Pengadaan peralatan gedung kantor', 2017, 2, 2500000, 3, 1, 0, 0, 28000000, 2, 19, 3, 2),
(377, 24, 'Pemeliharaan rutin/berkala kendaraan dinas/operasional', 2017, 2, 30001300, 2, 1, 0, 56731300, 0, 2, 19, 3, 2),
(378, 2, 'Pengadaan pakaian dinas beserta perlengkapannya', 2017, 2, 4800000, 2, 1, 0, 25800000, 0, 3, 19, 3, 2),
(379, 1, 'Penanganan daerah rawan pangan', 2017, 2, 20000000, 1, 1, 20000000, 85880000, 0, 16, 20, 3, 3),
(380, 13, 'Pengembangan cadangan pangan daerah', 2017, 2, 755923000, 2, 1, 0, 1510238000, 0, 16, 20, 3, 3),
(381, 14, 'Pengembangan desa mandiri pangan', 2017, 2, 365000, 1, 1, 365000, 604760000, 0, 16, 20, 3, 3),
(382, 21, 'Pengembangan sistem informasi pasar', 2017, 2, 600000, 2, 1, 0, 25500000, 0, 16, 20, 3, 3),
(383, 22, 'Peningkatan mutu dan keamanan pangan', 2017, 2, 5100000, 1, 1, 18600000, 307761900, 8130000, 16, 20, 3, 3),
(384, 31, 'Monitoring, evaluasi dan pelaporan', 2017, 2, 82425000, 2, 1, 0, 82425000, 0, 16, 20, 3, 3),
(385, 1, 'Penyediaan jasa surat menyurat', 2017, 2, 8100000, 2, 1, 0, 8100000, 0, 1, 21, 4, 2),
(386, 2, 'Penyediaan jasa komunikasi, sumber daya air dan listrik', 2017, 2, 3000000, 2, 1, 0, 35160000, 0, 1, 21, 4, 2),
(387, 8, 'Penyediaan jasa kebersihan kantor', 2017, 2, 4947250, 2, 1, 0, 4947250, 0, 1, 21, 4, 2),
(388, 10, 'Penyediaan alat tulis kantor', 2017, 2, 47927000, 2, 1, 0, 47927000, 0, 1, 21, 4, 2),
(389, 11, 'Penyediaan barang cetakan dan penggandaan', 2017, 2, 8650000, 2, 1, 0, 20929300, 0, 1, 21, 4, 2),
(390, 12, 'Penyediaan komponen instalasi listrik/penerangan bangunan kantor', 2017, 2, 1300000, 2, 1, 0, 1300000, 0, 1, 21, 4, 2),
(391, 15, 'Penyediaan bahan bacaan dan peraturan perundang-undangan', 2017, 2, 2880000, 2, 1, 0, 2880000, 0, 1, 21, 4, 2),
(392, 17, 'Penyediaan makanan dan minuman', 2017, 2, 36162000, 2, 1, 0, 37716000, 0, 1, 21, 4, 2),
(393, 18, 'Rapat-rapat koordinasi dan konsultasi ke luar daerah', 2017, 2, 42645000, 2, 1, 0, 42645000, 0, 1, 21, 4, 2),
(394, 19, 'Penyediaan Jasa Tenaga Administrasi dan Tenaga Teknis Lainnya', 2017, 2, 108720000, 1, 1, 108720000, 97000, 0, 1, 21, 4, 2),
(395, 20, 'Rapat-Rapat Koordinasi dan Konsultasi Dalam Daerah', 2017, 2, 6000000, 2, 1, 0, 6000000, 0, 1, 21, 4, 2),
(396, 9, 'Pengadaan peralatan gedung kantor', 2017, 2, 7500000, 3, 1, 0, 0, 7500000, 2, 21, 4, 2),
(397, 24, 'Pemeliharaan rutin/berkala kendaraan dinas/operasional', 2017, 2, 3450000, 2, 1, 0, 83590050, 0, 2, 21, 4, 2),
(398, 28, 'Pemeliharaan rutin/berkala peralatan gedung kantor', 2017, 2, 9700000, 2, 1, 0, 9700000, 0, 2, 21, 4, 2),
(399, 2, 'Pengadaan pakaian dinas beserta perlengkapannya', 2017, 2, 3725000, 2, 1, 0, 13325000, 0, 3, 21, 4, 2),
(400, 1, 'Penyusunan sistem pendaftaran tanah', 2017, 2, 109050000, 1, 1, 109050000, 1632987900, 0, 15, 21, 4, 2),
(401, 1, 'Penataan penguasaan, pemilikan, penggunaan dan pemanfaatan tanah', 2017, 2, 180750000, 1, 1, 180750000, 287646000, 0, 16, 21, 4, 2),
(402, 1, 'Fasilitasi penyelesaian konflik-konflik pertanahan', 2017, 2, 121725000, 2, 1, 0, 207015000, 0, 17, 21, 4, 2),
(403, 1, 'Penyediaan jasa surat menyurat', 2017, 2, 4200000, 2, 1, 0, 4200000, 0, 1, 22, 5, 2),
(404, 2, 'Penyediaan jasa komunikasi, sumber daya air dan listrik', 2017, 2, 6000000, 2, 1, 0, 85080000, 0, 1, 22, 5, 2),
(405, 8, 'Penyediaan jasa kebersihan kantor', 2017, 2, 10488000, 2, 1, 0, 10488000, 0, 1, 22, 5, 2),
(406, 10, 'Penyediaan alat tulis kantor', 2017, 2, 26926500, 2, 1, 0, 26926500, 0, 1, 22, 5, 2),
(407, 11, 'Penyediaan barang cetakan dan penggandaan', 2017, 2, 3545000, 2, 1, 0, 17545000, 0, 1, 22, 5, 2),
(408, 12, 'Penyediaan komponen instalasi listrik/penerangan bangunan kantor', 2017, 2, 2403500, 2, 1, 0, 2403500, 0, 1, 22, 5, 2),
(409, 15, 'Penyediaan bahan bacaan dan peraturan perundang-undangan', 2017, 2, 1468200, 2, 1, 0, 1468200, 250000, 1, 22, 5, 2),
(410, 17, 'Penyediaan makanan dan minuman', 2017, 2, 10830000, 2, 1, 0, 10830000, 0, 1, 22, 5, 2),
(411, 18, 'Rapat-rapat koordinasi dan konsultasi ke luar daerah', 2017, 2, 264878000, 2, 1, 0, 264878000, 0, 1, 22, 5, 2),
(412, 19, 'Penyediaan Jasa Tenaga Administrasi dan Tenaga Teknis Lainnya', 2017, 2, 331560000, 1, 1, 331560000, 0, 0, 1, 22, 5, 2),
(413, 20, 'Rapat-Rapat Koordinasi dan Konsultasi Dalam  Daerah', 2017, 2, 60250000, 2, 1, 0, 60250000, 0, 1, 22, 5, 2),
(414, 9, 'Pengadaan peralatan gedung kantor', 2017, 2, 8612000, 3, 1, 0, 0, 8612000, 2, 22, 5, 2),
(415, 10, 'Pengadaan mebeleur', 2017, 2, 20017000, 3, 1, 0, 0, 20017000, 2, 22, 5, 2),
(416, 22, 'Pemeliharaan rutin/berkala gedung kantor', 2017, 2, 4585000, 2, 1, 0, 4585000, 0, 2, 22, 5, 2),
(417, 24, 'Pemeliharaan rutin/berkala kendaraan dinas/operasional', 2017, 2, 5500000, 2, 1, 0, 145200000, 0, 2, 22, 5, 2),
(418, 28, 'Pemeliharaan rutin/berkala peralatan gedung kantor', 2017, 2, 11943000, 2, 1, 0, 11943000, 0, 2, 22, 5, 2),
(419, 2, 'Pengadaan pakaian dinas beserta perlengkapannya', 2017, 2, 3107500, 2, 1, 0, 26640000, 0, 3, 22, 5, 2),
(420, 1, 'Pendidikan dan pelatihan formal', 2017, 2, 92883000, 2, 1, 0, 170383000, 0, 5, 22, 5, 2),
(421, 10, 'Sosialisasi kebijakan pengelolaan persampahan', 2017, 2, 1500000, 2, 1, 0, 6896000, 0, 15, 22, 5, 2),
(422, 3, 'Pemantauan Kualitas Lingkungan', 2017, 2, 450000, 1, 1, 61700000, 152880000, 373840000, 16, 22, 5, 2),
(423, 7, 'Pengkajian dampak lingkungan', 2017, 2, 81800000, 1, 1, 81800000, 207745000, 0, 16, 22, 5, 2),
(424, 14, 'Peningkatan peran serta masyarakat dalam pengendalian lingkungan hidup', 2017, 2, 798000, 2, 1, 0, 13902000, 0, 16, 22, 5, 2),
(425, 16, 'Monitoring, evaluasi dan pelaporan', 2017, 2, 6075000, 2, 1, 0, 6075000, 0, 16, 22, 5, 2),
(426, 2, 'Pembuatan bibit/benih tanaman kehutanan', 2017, 2, 13500000, 1, 1, 13500000, 313143750, 0, 16, 23, 4, 3),
(427, 1, 'Konservasi Sumber Daya Air dan Pengendalian Kerusakan Sumber-Sumber Air', 2017, 2, 3820000, 2, 1, 0, 2351162000, 0, 17, 22, 5, 2),
(428, 5, 'Pengendalian Dampak Perubahan Iklim', 2017, 2, 2660000, 1, 1, 2920000, 32060000, 0, 17, 22, 5, 2),
(429, 8, 'Pengendalian dan pengawasan pemanfaatan SDA', 2017, 2, 441000, 2, 1, 0, 66721000, 0, 17, 22, 5, 2),
(430, 14, 'Peningkatan peran serta masyarakat dalam perlindungan dan konservasi SDA', 2017, 2, 11250000, 1, 1, 11250000, 46400000, 0, 17, 22, 5, 2),
(431, 2, 'Pengembangan data dan informasi lingkungan', 2017, 2, 6550000, 1, 1, 6550000, 13989000, 0, 19, 22, 5, 2),
(432, 3, 'Pengujian kadar polusi limbah padat dan limbah cair', 2017, 2, 1306500, 2, 1, 0, 21931500, 0, 20, 22, 5, 2),
(433, 1, 'Penataan Tata Batas Kawasan Hutan', 2017, 2, 55500000, 1, 1, 105250000, 294750000, 0, 21, 23, 4, 3),
(434, 1, 'Penyediaan jasa surat menyurat', 2017, 2, 2100000, 2, 1, 0, 2100000, 0, 1, 24, 6, 2),
(435, 2, 'Penyediaan jasa komunikasi, sumber daya air dan listrik', 2017, 2, 2400000, 2, 1, 0, 110400000, 0, 1, 24, 6, 2),
(436, 8, 'Penyediaan jasa kebersihan kantor', 2017, 2, 2735000, 2, 1, 0, 2735000, 0, 1, 24, 6, 2),
(437, 10, 'Penyediaan alat tulis kantor', 2017, 2, 39847000, 2, 1, 0, 39847000, 0, 1, 24, 6, 2);
INSERT INTO `ms_kegiatan` (`NO`, `KODEKEGIATAN`, `NAMAKEGIATAN`, `TAHUNBELANJA`, `KODEDANABELANJA`, `PAGUKEGIATAN`, `KODEJENISBELANJA`, `STATUS`, `PAGUPEGAWAI`, `PAGUBARANG`, `PAGUMODAL`, `NOKODEPROGRAM`, `NOKODEDINAS`, `NOKODESUBURUSAN`, `NOKODEURUSAN`) VALUES
(438, 11, 'Penyediaan barang cetakan dan penggandaan', 2017, 2, 22735000, 2, 1, 0, 29642500, 0, 1, 24, 6, 2),
(439, 12, 'Penyediaan komponen instalasi listrik/penerangan bangunan kantor', 2017, 2, 1500000, 2, 1, 0, 1500000, 0, 1, 24, 6, 2),
(440, 15, 'Penyediaan bahan bacaan dan peraturan perundang-undangan', 2017, 2, 1642500, 2, 1, 0, 1642500, 0, 1, 24, 6, 2),
(441, 17, 'Penyediaan makanan dan minuman', 2017, 2, 4554000, 2, 1, 0, 4554000, 0, 1, 24, 6, 2),
(442, 18, 'Rapat-rapat koordinasi dan konsultasi ke luar daerah', 2017, 2, 181864000, 2, 1, 0, 181864000, 0, 1, 24, 6, 2),
(443, 19, 'Penyediaan Jasa Tenaga Administrasi dan Tenaga Teknis Lainnya', 2017, 2, 1722840000, 1, 1, 1722840000, 0, 0, 1, 24, 6, 2),
(444, 20, 'Rapat-Rapat Koordinasi dan Konsultasi Dalam  Daerah', 2017, 2, 43725000, 2, 1, 0, 43725000, 0, 1, 24, 6, 2),
(445, 9, 'Pengadaan peralatan gedung kantor', 2017, 2, 1815000, 1, 1, 1815000, 0, 267700000, 2, 24, 6, 2),
(446, 10, 'Pengadaan mebeleur', 2017, 2, 1515000, 1, 1, 1515000, 0, 222010000, 2, 24, 6, 2),
(447, 22, 'Pemeliharaan rutin/berkala gedung kantor', 2017, 2, 2115000, 1, 1, 2115000, 219200000, 0, 2, 24, 6, 2),
(448, 24, 'Pemeliharaan rutin/berkala kendaraan dinas/operasional', 2017, 2, 4500000, 2, 1, 0, 125520000, 0, 2, 24, 6, 2),
(449, 26, 'Pemeliharaan rutin/berkala perlengkapan gedung kantor', 2017, 2, 1000000, 2, 1, 0, 1000000, 0, 2, 24, 6, 2),
(450, 2, 'Pengadaan pakaian dinas beserta perlengkapannya', 2017, 2, 4000000, 2, 1, 0, 33065000, 0, 3, 24, 6, 2),
(451, 1, 'Pendidikan dan pelatihan formal', 2017, 2, 49506000, 2, 1, 0, 70506000, 0, 5, 24, 6, 2),
(452, 5, 'Koordinasi pelaksanaan kebijakan kependudukan', 2017, 2, 208515000, 2, 1, 0, 208515000, 0, 15, 24, 6, 2),
(453, 6, 'Pengolahan dalam penyusunan laporan informasi kependudukan', 2017, 2, 39000000, 1, 1, 39000000, 228750000, 0, 15, 24, 6, 2),
(454, 7, 'Peningkatan pelayanan publik dalam bidang kependudukan', 2017, 2, 2965000, 1, 1, 94015000, 866400000, 0, 15, 24, 6, 2),
(455, 11, 'Sosialisasi kebijakan kependudukan', 2017, 2, 28850000, 1, 1, 28850000, 140407000, 0, 15, 24, 6, 2),
(456, 1, 'Penyediaan jasa surat menyurat', 2017, 2, 3600000, 2, 1, 0, 3600000, 0, 1, 25, 7, 2),
(457, 2, 'Penyediaan jasa komunikasi, sumber daya air dan listrik', 2017, 2, 30000000, 2, 1, 0, 30000000, 0, 1, 25, 7, 2),
(458, 8, 'Penyediaan jasa kebersihan kantor', 2017, 2, 3985000, 2, 1, 0, 3985000, 0, 1, 25, 7, 2),
(459, 10, 'Penyediaan alat tulis kantor', 2017, 2, 19757250, 2, 1, 0, 19757250, 0, 1, 25, 7, 2),
(460, 11, 'Penyediaan barang cetakan dan penggandaan', 2017, 2, 1500000, 2, 1, 0, 17937050, 0, 1, 25, 7, 2),
(461, 15, 'Penyediaan bahan bacaan dan peraturan perundang-undangan', 2017, 2, 2650000, 2, 1, 0, 2650000, 0, 1, 25, 7, 2),
(462, 17, 'Penyediaan makanan dan minuman', 2017, 2, 22320000, 2, 1, 0, 22320000, 0, 1, 25, 7, 2),
(463, 18, 'Rapat-rapat koordinasi dan konsultasi ke luar daerah', 2017, 2, 248727000, 2, 1, 0, 248727000, 0, 1, 25, 7, 2),
(464, 19, 'Penyediaan Jasa Tenaga Administrasi dan Tenaga Teknis Lainnya', 2017, 2, 148560000, 1, 1, 148560000, 150000, 0, 1, 25, 7, 2),
(465, 20, 'Rapat-Rapat Koordinasi dan Konsultasi Dalam Daerah', 2017, 2, 189635000, 2, 1, 0, 189635000, 0, 1, 25, 7, 2),
(466, 7, 'Pengadaan perlengkapan gedung kantor', 2017, 2, 2300000, 2, 1, 0, 2300000, 14500000, 2, 25, 7, 2),
(467, 9, 'Pengadaan peralatan gedung kantor', 2017, 2, 30000000, 3, 1, 0, 0, 51052000, 2, 25, 7, 2),
(468, 10, 'Pengadaan mebeleur', 2017, 2, 6048000, 3, 1, 0, 0, 33568000, 2, 25, 7, 2),
(469, 22, 'Pemeliharaan rutin/berkala gedung kantor', 2017, 2, 700000, 2, 1, 0, 700000, 0, 2, 25, 7, 2),
(470, 24, 'Pemeliharaan rutin/berkala kendaraan dinas/operasional', 2017, 2, 69825000, 2, 1, 0, 183653000, 0, 2, 25, 7, 2),
(471, 26, 'Pemeliharaan rutin/berkala perlengkapan gedung kantor', 2017, 2, 4000000, 2, 1, 0, 4000000, 0, 2, 25, 7, 2),
(472, 2, 'Pengadaan pakaian dinas beserta perlengkapannya', 2017, 2, 5220000, 2, 1, 0, 29340000, 0, 3, 25, 7, 2),
(473, 2, 'Pelatihan ketrampilan manajemen badan usaha milik desa', 2017, 2, 6325000, 2, 1, 0, 198190400, 0, 16, 25, 7, 2),
(474, 6, 'Fasilitasi kemitraan swasta dan usaha mikro kecil dan menengah di perdesaan', 2017, 2, 65000, 2, 1, 0, 15052500, 0, 16, 25, 7, 2),
(475, 8, 'Pelatihan Ketrampilan TTG', 2017, 2, 4000000, 1, 1, 4000000, 204785000, 0, 16, 25, 7, 2),
(476, 9, 'Gelar TTG dan Temu Tugas Nasional TTG', 2017, 2, 2750000, 2, 1, 0, 41860000, 0, 16, 25, 7, 2),
(477, 2, 'Pelatihan aparatur pemerintah desa dalam bidang pengelolaan keuangan daerah', 2017, 2, 132100000, 1, 1, 132100000, 268479800, 0, 18, 25, 7, 2),
(478, 5, 'Pelatihan pendidikan manajemen pemerintah desa', 2017, 2, 5900000, 1, 1, 5900000, 227524000, 0, 18, 25, 7, 2),
(479, 6, 'Rapat koordinasi dan evaluasi bagi Kepala Desa dan BPD', 2017, 2, 3000000, 2, 1, 0, 235300000, 0, 18, 25, 7, 2),
(480, 7, 'Fasilitasi Sosialisasi  Peraturan Perundang-undangan', 2017, 2, 10040000, 2, 1, 0, 99628000, 0, 18, 25, 7, 2),
(481, 8, 'Pembentukan dan penetapan batas desa', 2017, 2, 19750000, 2, 1, 0, 19750000, 0, 18, 25, 7, 2),
(482, 9, 'Pelatihan Sistim Aplikasi Keuangan Desa', 2017, 2, 7900000, 1, 1, 7900000, 500007000, 0, 18, 25, 7, 2),
(483, 1, 'Pelatihan perempuan di perdesaan dalam bidang usaha ekonomi produktif', 2017, 2, 1750000, 2, 1, 0, 101537000, 0, 19, 25, 7, 2),
(484, 2, 'Penyuluhan Ibu rumah Tangga dalam membangun Keluarga Sejahtera', 2017, 2, 2100000, 1, 1, 2100000, 86956750, 0, 19, 25, 7, 2),
(485, 3, 'Bimbingan menejemen usaha bagi perempuan dalam mengelola usaha', 2017, 2, 6200000, 1, 1, 6200000, 306083500, 0, 19, 25, 7, 2),
(486, 4, 'Pameran hasil karya perempuan dibidang pembanguna', 2017, 2, 4400000, 1, 1, 4400000, 172614250, 0, 19, 25, 7, 2),
(487, 1, 'Pembentukan dan revitalisasi 5 jejaring desa siaga', 2017, 2, 18650000, 2, 1, 0, 18650000, 0, 20, 25, 7, 2),
(488, 2, 'Pembinaan dan bimbingan serta revitalisasi posyandu', 2017, 2, 2160000, 2, 1, 0, 65915000, 0, 20, 25, 7, 2),
(489, 1, 'Pembuatan Perda', 2017, 2, 106800000, 1, 1, 106800000, 51032000, 0, 23, 25, 7, 2),
(490, 1, 'Pembentukan Lembaga Pemberdayaan Masyarakat Desa/Kelurahan', 2017, 2, 7800000, 2, 1, 0, 341613000, 0, 24, 25, 7, 2),
(491, 1, 'Penyediaan jasa surat menyurat', 2017, 2, 3600000, 2, 1, 0, 3600000, 0, 1, 27, 9, 2),
(492, 2, 'Penyediaan jasa komunikasi, sumber daya air dan listrik', 2017, 2, 3000000, 2, 1, 0, 154400000, 0, 1, 27, 9, 2),
(493, 8, 'Penyediaan jasa kebersihan kantor', 2017, 2, 5484500, 2, 1, 0, 5484500, 0, 1, 27, 9, 2),
(494, 10, 'Penyediaan alat tulis kantor', 2017, 2, 32624000, 2, 1, 0, 32624000, 0, 1, 27, 9, 2),
(495, 11, 'Penyediaan barang cetakan dan penggandaan', 2017, 2, 26867500, 2, 1, 0, 41567500, 0, 1, 27, 9, 2),
(496, 12, 'Penyediaan komponen instalasi listrik/penerangan bangunan kantor', 2017, 2, 1947200, 2, 1, 0, 1947200, 0, 1, 27, 9, 2),
(497, 15, 'Penyediaan bahan bacaan dan peraturan perundang-undangan', 2017, 2, 1080000, 2, 1, 0, 1080000, 900000, 1, 27, 9, 2),
(498, 17, 'Penyediaan makanan dan minuman', 2017, 2, 16390000, 2, 1, 0, 16390000, 0, 1, 27, 9, 2),
(499, 18, 'Rapat-rapat koordinasi dan konsultasi ke luar daerah', 2017, 2, 341766000, 2, 1, 0, 341766000, 0, 1, 27, 9, 2),
(500, 19, 'Penyediaan Jasa Tenaga Administrasi dan Tenaga Teknis Lainnya', 2017, 2, 1763040000, 1, 1, 1763040000, 6000000, 0, 1, 27, 9, 2),
(501, 20, 'Rapat-Rapat Koordinasi dan Konsultasi Dalam  Daerah', 2017, 2, 2250000, 2, 1, 0, 298506000, 0, 1, 27, 9, 2),
(502, 9, 'Pengadaan peralatan gedung kantor', 2017, 2, 25000000, 3, 1, 0, 0, 25000000, 2, 27, 9, 2),
(503, 10, 'Pengadaan mebeleur', 2017, 2, 7260000, 3, 1, 0, 0, 7260000, 2, 27, 9, 2),
(504, 22, 'Pemeliharaan rutin/berkala gedung kantor', 2017, 2, 14845000, 2, 1, 0, 19945000, 0, 2, 27, 9, 2),
(505, 24, 'Pemeliharaan rutin/berkala kendaraan dinas/operasional', 2017, 2, 20000000, 2, 1, 0, 135237500, 0, 2, 27, 9, 2),
(506, 26, 'Pemeliharaan rutin/berkala perlengkapan gedung kantor', 2017, 2, 4658500, 2, 1, 0, 4658500, 0, 2, 27, 9, 2),
(507, 28, 'Pemeliharaan rutin/berkala peralatan gedung kantor', 2017, 2, 7986000, 2, 1, 0, 7986000, 0, 2, 27, 9, 2),
(508, 29, 'Pemeliharaan rutin/berkala mebeleur', 2017, 2, 1040000, 2, 1, 0, 1040000, 0, 2, 27, 9, 2),
(509, 2, 'Pengadaan pakaian dinas beserta perlengkapannya', 2017, 2, 6121500, 2, 1, 0, 33091500, 0, 3, 27, 9, 2),
(510, 1, 'Pendidikan dan pelatihan formal', 2017, 2, 17130000, 2, 1, 0, 27130000, 0, 5, 27, 9, 2),
(511, 1, 'Perencanaan pembangunan prasarana dan fasilitas perhubungan', 2017, 2, 3090000, 1, 1, 5965000, 382865000, 0, 15, 27, 9, 2),
(512, 9, 'Pembangunan Dermaga dan Tambatan Perahu', 2017, 2, 3007000000, 3, 1, 0, 0, 3007000000, 15, 27, 9, 2),
(513, 1, 'Kegiatan penyuluhan bagi para sopir/juru mudi untuk peningkatan keselamatan penumpang', 2017, 2, 1243000, 2, 1, 0, 39999700, 0, 17, 27, 9, 2),
(514, 11, 'Pengumpulan dan analisis data base pelayanan angkutan', 2017, 2, 15100000, 2, 1, 0, 15100000, 0, 17, 27, 9, 2),
(515, 12, 'Pengembangan sarana dan prasarana pelayanan jasa angkutan', 2017, 2, 665000, 1, 1, 1290000, 15774750, 61000000, 17, 27, 9, 2),
(516, 15, 'Kegiatan pemilihan dan pemberian penghargaan sopir/juru mudi/awak kendaraan angkutan umum teladan', 2017, 2, 970000, 2, 1, 0, 29999650, 0, 17, 27, 9, 2),
(517, 18, 'Pengadaan Alat Keselamatan', 2017, 2, 665000, 1, 1, 1290000, 18549600, 78000000, 17, 27, 9, 2),
(518, 4, 'Pembangunan Pos Pemantau', 2017, 2, 1215000, 1, 1, 1840000, 13524400, 68900000, 19, 27, 9, 2),
(519, 1, 'Pembangunan balai pengujian kendaraan bermotor', 2017, 2, 5500000, 1, 1, 7300000, 139864500, 4541825000, 20, 27, 9, 2),
(520, 3, 'Pelaksanaan uji petik kendaraan bermotor', 2017, 2, 55260000, 2, 1, 0, 253606000, 0, 20, 27, 9, 2),
(521, 1, 'Penyediaan jasa surat menyurat', 2017, 2, 2100000, 2, 1, 0, 2100000, 0, 1, 28, 10, 2),
(522, 2, 'Penyediaan jasa komunikasi, sumber daya air dan listrik', 2017, 2, 1500000, 2, 1, 0, 753716000, 0, 1, 28, 10, 2),
(523, 8, 'Penyediaan jasa kebersihan kantor', 2017, 2, 2420000, 2, 1, 0, 2420000, 0, 1, 28, 10, 2),
(524, 10, 'Penyediaan alat tulis kantor', 2017, 2, 12663000, 2, 1, 0, 12663000, 0, 1, 28, 10, 2),
(525, 11, 'Penyediaan barang cetakan dan penggandaan', 2017, 2, 1664000, 2, 1, 0, 13760000, 0, 1, 28, 10, 2),
(526, 12, 'Penyediaan komponen instalasi listrik/penerangan bangunan kantor', 2017, 2, 1142600, 2, 1, 0, 1142600, 0, 1, 28, 10, 2),
(527, 15, 'Penyediaan bahan bacaan dan peraturan perundang-undangan', 2017, 2, 1440000, 2, 1, 0, 1440000, 0, 1, 28, 10, 2),
(528, 17, 'Penyediaan makanan dan minuman', 2017, 2, 8243000, 2, 1, 0, 8243000, 0, 1, 28, 10, 2),
(529, 18, 'Rapat-rapat koordinasi dan konsultasi ke luar daerah', 2017, 2, 133372000, 2, 1, 0, 133372000, 0, 1, 28, 10, 2),
(530, 19, 'Penyediaan Jasa Tenaga Administrasi dan Tenaga Teknis Lainnya', 2017, 2, 130440000, 1, 1, 130440000, 0, 0, 1, 28, 10, 2),
(531, 20, 'Rapat-Rapat Koordinasi dan Konsultasi Dalam  Daerah', 2017, 2, 117665000, 2, 1, 0, 117665000, 0, 1, 28, 10, 2),
(532, 9, 'Pengadaan peralatan gedung kantor', 2017, 2, 19450000, 3, 1, 0, 0, 44776000, 2, 28, 10, 2),
(533, 22, 'Pemeliharaan rutin/berkala gedung kantor', 2017, 2, 2500000, 2, 1, 0, 2500000, 0, 2, 28, 10, 2),
(534, 24, 'Pemeliharaan rutin/berkala kendaraan dinas/operasional', 2017, 2, 3000000, 2, 1, 0, 32126700, 0, 2, 28, 10, 2),
(535, 26, 'Pemeliharaan rutin/berkala perlengkapan gedung kantor', 2017, 2, 3990000, 2, 1, 0, 3990000, 0, 2, 28, 10, 2),
(536, 28, 'Pemeliharaan rutin/berkala peralatan gedung kantor', 2017, 2, 67245000, 2, 1, 0, 67245000, 0, 2, 28, 10, 2),
(537, 2, 'Pengadaan pakaian dinas beserta perlengkapannya', 2017, 2, 4389000, 2, 1, 0, 18309000, 0, 3, 28, 10, 2),
(538, 1, 'Penyusunan dan pengumpulan data dan statistik daerah', 2017, 2, 2700000, 2, 1, 0, 74964000, 1010000, 15, 29, 14, 2),
(539, 3, 'Penyusunan dan pengumpulan data PDRB', 2017, 2, 15000000, 2, 1, 0, 15000000, 0, 15, 29, 14, 2),
(540, 2, 'Pembinaan dan Pengembangan Jaringan Komunikasi dan Informasi', 2017, 2, 955000, 1, 1, 1825000, 28597000, 155000000, 15, 28, 10, 2),
(541, 3, 'Pembinaan dan pengembangan sumber daya komunikasi dan informasi', 2017, 2, 10500000, 1, 1, 10500000, 103586400, 0, 15, 28, 10, 2),
(542, 4, 'Pengadaan alat studio dan komunikasi', 2017, 2, 765000, 1, 1, 1285000, 0, 92000000, 15, 28, 10, 2),
(543, 1, 'Penyebarluasan informasi pembangunan daerah', 2017, 2, 2038300, 2, 1, 0, 146791800, 0, 18, 28, 10, 2),
(544, 1, 'Penyediaan jasa surat menyurat', 2017, 2, 1500000, 2, 1, 0, 1500000, 0, 1, 30, 10, 2),
(545, 2, 'Penyediaan jasa komunikasi, sumber daya air dan listrik', 2017, 2, 103200000, 2, 1, 0, 103200000, 0, 1, 30, 10, 2),
(546, 8, 'Penyediaan jasa kebersihan kantor', 2017, 2, 2972000, 2, 1, 0, 2972000, 0, 1, 30, 10, 2),
(547, 10, 'Penyediaan alat tulis kantor', 2017, 2, 10000000, 2, 1, 0, 10000000, 0, 1, 30, 10, 2),
(548, 11, 'Penyediaan barang cetakan dan penggandaan', 2017, 2, 7195000, 2, 1, 0, 7195000, 0, 1, 30, 10, 2),
(549, 12, 'Penyediaan komponen instalasi listrik/penerangan bangunan kantor', 2017, 2, 10000000, 2, 1, 0, 10000000, 0, 1, 30, 10, 2),
(550, 15, 'Penyediaan bahan bacaan dan peraturan perundang-undangan', 2017, 2, 4980000, 2, 1, 0, 4980000, 0, 1, 30, 10, 2),
(551, 17, 'Penyediaan makanan dan minuman', 2017, 2, 12090000, 2, 1, 0, 12090000, 0, 1, 30, 10, 2),
(552, 18, 'Rapat-rapat koordinasi dan konsultasi ke luar daerah', 2017, 2, 82245000, 2, 1, 0, 82245000, 0, 1, 30, 10, 2),
(553, 19, 'Penyediaan Jasa Tenaga Administrasi dan Tenaga Teknis Lainnya', 2017, 2, 282600000, 1, 1, 282600000, 0, 0, 1, 30, 10, 2),
(554, 20, 'Rapat-Rapat Koordinasi dan Konsultasi Dalam  Daerah', 2017, 2, 43675000, 2, 1, 0, 99825000, 0, 1, 30, 10, 2),
(555, 7, 'Pengadaan perlengkapan gedung kantor', 2017, 2, 3000000, 3, 1, 0, 0, 3000000, 2, 30, 10, 2),
(556, 9, 'Pengadaan peralatan gedung kantor', 2017, 2, 16000000, 3, 1, 0, 0, 23700000, 2, 30, 10, 2),
(557, 22, 'Pemeliharaan rutin/berkala gedung kantor', 2017, 2, 5000000, 2, 1, 0, 5000000, 0, 2, 30, 10, 2),
(558, 24, 'Pemeliharaan rutin/berkala kendaraan dinas/operasional', 2017, 2, 2700000, 2, 1, 0, 75043000, 0, 2, 30, 10, 2),
(559, 26, 'Pemeliharaan rutin/berkala perlengkapan gedung kantor', 2017, 2, 27200000, 2, 1, 0, 27200000, 0, 2, 30, 10, 2),
(560, 28, 'Pemeliharaan rutin/berkala peralatan gedung kantor', 2017, 2, 21050000, 2, 1, 0, 21050000, 0, 2, 30, 10, 2),
(561, 3, 'Bimbingan teknis implementasi peraturan perundang-undangan', 2017, 2, 21534000, 2, 1, 0, 36534000, 0, 5, 30, 10, 2),
(562, 4, 'Pengadaan alat studio dan komunikasi', 2017, 2, 13000000, 3, 1, 0, 0, 13000000, 15, 30, 10, 2),
(563, 1, 'Penyebarluasan informasi pembangunan daerah', 2017, 2, 34800000, 2, 1, 0, 36800000, 0, 18, 30, 10, 2),
(564, 1, 'Penyediaan jasa surat menyurat', 2017, 2, 3096000, 2, 1, 0, 3096000, 0, 1, 31, 11, 2),
(565, 2, 'Penyediaan jasa komunikasi, sumber daya air dan listrik', 2017, 2, 2400000, 2, 1, 0, 36000000, 0, 1, 31, 11, 2),
(566, 8, 'Penyediaan jasa kebersihan kantor', 2017, 2, 2678000, 2, 1, 0, 2678000, 0, 1, 31, 11, 2),
(567, 10, 'Penyediaan alat tulis kantor', 2017, 2, 39675000, 2, 1, 0, 39675000, 0, 1, 31, 11, 2),
(568, 11, 'Penyediaan barang cetakan dan penggandaan', 2017, 2, 1503500, 2, 1, 0, 8070500, 0, 1, 31, 11, 2),
(569, 12, 'Penyediaan komponen instalasi listrik/penerangan bangunan kantor', 2017, 2, 3945000, 2, 1, 0, 3945000, 0, 1, 31, 11, 2),
(570, 15, 'Penyediaan bahan bacaan dan peraturan perundang-undangan', 2017, 2, 1200000, 2, 1, 0, 1200000, 0, 1, 31, 11, 2),
(571, 17, 'Penyediaan makanan dan minuman', 2017, 2, 29825000, 2, 1, 0, 32430000, 0, 1, 31, 11, 2),
(572, 18, 'Rapat-rapat koordinasi dan konsultasi ke luar daerah', 2017, 2, 220937000, 2, 1, 0, 220937000, 0, 1, 31, 11, 2),
(573, 19, 'Penyediaan Jasa Tenaga Administrasi dan Tenaga Teknis Lainnya', 2017, 2, 514320000, 1, 1, 514320000, 0, 0, 1, 31, 11, 2),
(574, 20, 'Rapat-Rapat Koordinasi dan Konsultasi Dalam Daerah', 2017, 2, 181000000, 2, 1, 0, 181000000, 0, 1, 31, 11, 2),
(575, 7, 'Pengadaan perlengkapan gedung kantor', 2017, 2, 13848000, 3, 1, 0, 0, 19348000, 2, 31, 11, 2),
(576, 9, 'Pengadaan peralatan gedung kantor', 2017, 2, 12276000, 3, 1, 0, 0, 12276000, 2, 31, 11, 2),
(577, 22, 'Pemeliharaan rutin/berkala gedung kantor', 2017, 2, 6000000, 2, 1, 0, 13120000, 0, 2, 31, 11, 2),
(578, 24, 'Pemeliharaan rutin/berkala kendaraan dinas/operasional', 2017, 2, 1500000, 2, 1, 0, 36715000, 0, 2, 31, 11, 2),
(579, 28, 'Pemeliharaan rutin/berkala peralatan gedung kantor', 2017, 2, 4000000, 2, 1, 0, 10000000, 0, 2, 31, 11, 2),
(580, 2, 'Pengadaan pakaian dinas beserta perlengkapannya', 2017, 2, 3750000, 2, 1, 0, 15900000, 0, 3, 31, 11, 2),
(581, 3, 'Fasilitasi kemudahan formalisasi badan usaha Usaha Kecil Menengah', 2017, 2, 37500000, 2, 1, 0, 59600000, 0, 15, 31, 11, 2),
(582, 6, 'Perencanaan, koordinasi, dan pengembangan Usaha Kecil Menengah', 2017, 2, 2800000, 2, 1, 0, 56260000, 0, 15, 31, 11, 2),
(583, 8, 'Fasilitasi pengembangan Usaha Kecil Menengah', 2017, 2, 825000, 2, 1, 0, 102724000, 0, 15, 31, 11, 2),
(584, 3, 'Memfasilitasi peningkatan kemitraan usaha bagi Usaha Mikro Kecil Menengah', 2017, 2, 2590000, 2, 1, 0, 19866000, 0, 16, 31, 11, 2),
(585, 6, 'Penyelenggaraan pelatihan kewirausahaan', 2017, 2, 4500000, 1, 1, 4500000, 221227000, 0, 16, 31, 11, 2),
(586, 7, 'Pelatihan manajemen pengelolaan Koperasi/KUD', 2017, 2, 4500000, 1, 1, 4500000, 138800000, 0, 16, 31, 11, 2),
(587, 3, 'Koordinasi pemanfaatan fasilitas pemerintah untuk Usaha Kecil Menengah dan koperasi', 2017, 2, 1575000, 2, 1, 0, 37165000, 0, 17, 31, 11, 2),
(588, 4, 'Koordinasi penggunaan dana pemerintah bagi Usaha Mikro Kecil Menengah', 2017, 2, 2280000, 1, 1, 3840000, 1170000000, 0, 17, 31, 11, 2),
(589, 9, 'Penyelenggaraan promosi produk Usaha Mikro kecil Menengah', 2017, 2, 8250000, 1, 1, 8250000, 652766500, 0, 17, 31, 11, 2),
(590, 10, 'Pengembangan kebijakan dan program peningkatan ekonomi lokal', 2017, 2, 1775000, 2, 1, 0, 115075000, 0, 17, 31, 11, 2),
(591, 11, 'Monitoring, evaluasi dan pelaporan', 2017, 2, 690000, 2, 1, 0, 277110000, 0, 17, 31, 11, 2),
(592, 3, 'Pembangunan sistem informasi perencanaan pengembangan perkopersian', 2017, 2, 74450000, 2, 1, 0, 74450000, 0, 18, 31, 11, 2),
(593, 4, 'Sosialisasi prinsip-prinsip pemahaman perkoperasian', 2017, 2, 89525000, 2, 1, 0, 89525000, 0, 18, 31, 11, 2),
(594, 5, 'Pembinaan, pengawasan, dan perhargaan koperasi berprestasi', 2017, 2, 464475000, 2, 1, 0, 464475000, 0, 18, 31, 11, 2),
(595, 6, 'Peningkatan dan pengembangan jaringan kerjasama usaha koperasi', 2017, 2, 130110000, 2, 1, 0, 130110000, 0, 18, 31, 11, 2),
(596, 7, 'Penyebaran model-model pola pengembangan koperasi', 2017, 2, 92500000, 2, 1, 0, 92500000, 0, 18, 31, 11, 2),
(597, 1, 'Penyediaan jasa surat menyurat', 2017, 2, 3780000, 2, 1, 0, 3780000, 0, 1, 33, 12, 2),
(598, 2, 'Penyediaan jasa komunikasi, sumber daya air dan listrik', 2017, 2, 3600000, 2, 1, 0, 111600000, 0, 1, 33, 12, 2),
(599, 8, 'Penyediaan jasa kebersihan kantor', 2017, 2, 3812500, 2, 1, 0, 3812500, 0, 1, 33, 12, 2),
(600, 10, 'Penyediaan alat tulis kantor', 2017, 2, 41720000, 2, 1, 0, 41720000, 0, 1, 33, 12, 2),
(601, 11, 'Penyediaan barang cetakan dan penggandaan', 2017, 2, 3436500, 2, 1, 0, 5686500, 0, 1, 33, 12, 2),
(602, 12, 'Penyediaan komponen instalasi listrik/penerangan bangunan kantor', 2017, 2, 1372000, 2, 1, 0, 1372000, 0, 1, 33, 12, 2),
(603, 15, 'Penyediaan bahan bacaan dan peraturan perundang-undangan', 2017, 2, 1200000, 2, 1, 0, 1200000, 0, 1, 33, 12, 2),
(604, 17, 'Penyediaan makanan dan minuman', 2017, 2, 14076000, 2, 1, 0, 19041000, 0, 1, 33, 12, 2),
(605, 18, 'Rapat-rapat koordinasi dan konsultasi ke luar daerah', 2017, 2, 536615000, 2, 1, 0, 536615000, 0, 1, 33, 12, 2),
(606, 19, 'Penyediaan Jasa Tenaga Administrasi dan Tenaga Teknis Lainnya', 2017, 2, 539280000, 1, 1, 539280000, 0, 0, 1, 33, 12, 2),
(607, 20, 'Rapat-Rapat Koordinasi dan Konsultasi Dalam Daerah', 2017, 2, 123030000, 2, 1, 0, 123030000, 0, 1, 33, 12, 2),
(608, 3, 'Pembangunan gedung kantor', 2017, 2, 2290000, 1, 1, 2290000, 0, 103000000, 2, 33, 12, 2),
(609, 7, 'Pengadaan perlengkapan gedung kantor', 2017, 2, 1450000, 1, 1, 1450000, 0, 153332000, 2, 33, 12, 2),
(610, 9, 'Pengadaan peralatan gedung kantor', 2017, 2, 6025000, 3, 1, 0, 0, 268373000, 2, 33, 12, 2),
(611, 10, 'Pengadaan mebeleur', 2017, 2, 1450000, 1, 1, 1450000, 0, 239621000, 2, 33, 12, 2),
(612, 22, 'Pemeliharaan rutin/berkala gedung kantor', 2017, 2, 15000000, 2, 1, 0, 39922500, 30000000, 2, 33, 12, 2),
(613, 24, 'Pemeliharaan rutin/berkala kendaraan dinas/operasional', 2017, 2, 13350000, 2, 1, 0, 58282000, 0, 2, 33, 12, 2),
(614, 28, 'Pemeliharaan rutin/berkala peralatan gedung kantor', 2017, 2, 9084500, 2, 1, 0, 9084500, 0, 2, 33, 12, 2),
(615, 2, 'Pengadaan pakaian dinas beserta perlengkapannya', 2017, 2, 5247000, 2, 1, 0, 25421500, 0, 3, 33, 12, 2),
(616, 1, 'Pendidikan dan pelatihan formal', 2017, 2, 101377000, 2, 1, 0, 131377000, 0, 5, 33, 12, 2),
(617, 2, 'Pengembangan potensi unggulan daerah', 2017, 2, 600000, 2, 1, 0, 60450000, 0, 15, 33, 12, 2),
(618, 5, 'Koordinasi perencanaan dan pengembangan penanaman modal', 2017, 2, 437000, 2, 1, 0, 92171000, 0, 15, 33, 12, 2),
(619, 6, 'Peningkatan koordinasi dan kerjasama di bidang penanaman modal dengan instansi pemerintah dan dunia usaha', 2017, 2, 15500000, 1, 1, 15500000, 174512500, 0, 15, 33, 12, 2),
(620, 8, 'Peningkatan kegiatan pemantauan, pembinaan dan pengawasan pelaksanaan penanaman modal', 2017, 2, 1023000, 2, 1, 0, 30123000, 0, 15, 33, 12, 2),
(621, 10, 'Penyelenggaraan pameran investasi', 2017, 2, 17000000, 2, 1, 0, 156321000, 0, 15, 33, 12, 2),
(622, 4, 'Pengembangan System Informasi Penanaman Modal', 2017, 2, 2290000, 1, 1, 2290000, 346595500, 0, 16, 33, 12, 2),
(623, 10, 'Sosialisasi Peraturan Perundang-undangan Investasi / dan Pelayanan Hukum Penanaman Modal', 2017, 2, 2228000, 2, 1, 0, 190741000, 0, 16, 33, 12, 2),
(624, 1, 'Sosialisasi Pelayanan Umum PTSP', 2017, 2, 5750000, 1, 1, 5750000, 30139500, 0, 18, 33, 12, 2),
(625, 6, 'Identifikasi Ijin Usaha', 2017, 2, 900000, 2, 1, 0, 56475000, 0, 18, 33, 12, 2),
(626, 8, 'Suervey Kelayakan Ijin dan non Ijin', 2017, 2, 43966500, 1, 1, 43966500, 70498000, 0, 18, 33, 12, 2),
(627, 9, 'Pendekatan Pelayanan Secara mobile', 2017, 2, 600000, 2, 1, 0, 88800000, 0, 18, 33, 12, 2),
(628, 10, 'Pengkajian dan Evaluasi Indeks Kepuasan Masyarakat (IKM)', 2017, 2, 2344000, 2, 1, 0, 59494000, 0, 18, 33, 12, 2),
(629, 11, 'Penertiban dan Pelaksanaan Ijin dan non Ijin Perijinan', 2017, 2, 1610000, 2, 1, 0, 46735000, 0, 18, 33, 12, 2),
(630, 1, 'Penyediaan jasa surat menyurat', 2017, 2, 1800000, 2, 1, 0, 2400000, 0, 1, 34, 13, 2),
(631, 2, 'Penyediaan jasa komunikasi, sumber daya air dan listrik', 2017, 2, 24000000, 2, 1, 0, 24000000, 0, 1, 34, 13, 2),
(632, 8, 'Penyediaan jasa kebersihan kantor', 2017, 2, 1884000, 2, 1, 0, 1884000, 0, 1, 34, 13, 2),
(633, 10, 'Penyediaan alat tulis kantor', 2017, 2, 26152500, 2, 1, 0, 26152500, 0, 1, 34, 13, 2),
(634, 11, 'Penyediaan barang cetakan dan penggandaan', 2017, 2, 1150000, 2, 1, 0, 7150000, 0, 1, 34, 13, 2),
(635, 12, 'Penyediaan komponen instalasi listrik/penerangan bangunan kantor', 2017, 2, 950000, 2, 1, 0, 950000, 0, 1, 34, 13, 2),
(636, 15, 'Penyediaan bahan bacaan dan peraturan perundang-undangan', 2017, 2, 900000, 2, 1, 0, 900000, 0, 1, 34, 13, 2),
(637, 17, 'Penyediaan makanan dan minuman', 2017, 2, 14148000, 2, 1, 0, 14148000, 0, 1, 34, 13, 2),
(638, 18, 'Rapat-rapat koordinasi dan konsultasi ke luar daerah', 2017, 2, 101485000, 2, 1, 0, 101485000, 0, 1, 34, 13, 2),
(639, 20, 'Rapat-rapat koordinasi dalam daerah', 2017, 2, 21050000, 2, 1, 0, 21050000, 0, 1, 34, 13, 2),
(640, 24, 'Pemeliharaan rutin/berkala kendaraan dinas/operasional', 2017, 2, 12299000, 2, 1, 0, 34299000, 0, 2, 34, 13, 2),
(641, 28, 'Pemeliharaan rutin/berkala peralatan gedung kantor', 2017, 2, 2250000, 2, 1, 0, 2250000, 0, 2, 34, 13, 2),
(642, 2, 'Pengadaan pakaian dinas beserta perlengkapannya', 2017, 2, 4290000, 2, 1, 0, 25740000, 0, 3, 34, 13, 2),
(643, 11, 'Pelaksanaan kegiatan kepramukaan', 2017, 2, 4550000, 1, 1, 4550000, 161125000, 0, 15, 34, 13, 2),
(644, 1, 'Pembinaan organisasi kepemudaan', 2017, 2, 13550000, 1, 1, 13550000, 394852000, 0, 16, 34, 13, 2),
(645, 2, 'Pendidikan dan pelatihan dasar kepemimpinan', 2017, 2, 24750000, 1, 1, 26450000, 1772767500, 0, 16, 34, 13, 2),
(646, 3, 'Pembibitan dan pembinaan olahragawan berbakat', 2017, 2, 7050000, 1, 1, 7050000, 324545000, 0, 20, 34, 13, 2),
(647, 4, 'Pembinaan cabang olahraga prestasi di tingkat daerah', 2017, 2, 8550000, 1, 1, 8550000, 85300000, 0, 20, 34, 13, 2),
(648, 6, 'Penyelenggaraan kompetisi olahraga', 2017, 2, 3118000, 2, 1, 0, 1000000000, 0, 20, 34, 13, 2),
(649, 1, 'Penyediaan jasa surat menyurat', 2017, 2, 2100000, 2, 1, 0, 2100000, 0, 1, 35, 18, 2),
(650, 2, 'Penyediaan jasa komunikasi, sumber daya air dan listrik', 2017, 2, 720000, 2, 1, 0, 22200000, 0, 1, 35, 18, 2),
(651, 8, 'Penyediaan jasa kebersihan kantor', 2017, 2, 4455500, 2, 1, 0, 4455500, 0, 1, 35, 18, 2),
(652, 10, 'Penyediaan alat tulis kantor', 2017, 2, 18500000, 2, 1, 0, 18500000, 0, 1, 35, 18, 2),
(653, 11, 'Penyediaan barang cetakan dan penggandaan', 2017, 2, 3265000, 2, 1, 0, 13499700, 0, 1, 35, 18, 2),
(654, 12, 'Penyediaan komponen instalasi listrik/penerangan bangunan kantor', 2017, 2, 5054500, 2, 1, 0, 5054500, 0, 1, 35, 18, 2),
(655, 15, 'Penyediaan bahan bacaan dan peraturan perundang-undangan', 2017, 2, 1080000, 2, 1, 0, 1080000, 0, 1, 35, 18, 2),
(656, 17, 'Penyediaan makanan dan minuman', 2017, 2, 8487000, 2, 1, 0, 8487000, 0, 1, 35, 18, 2),
(657, 18, 'Rapat-rapat koordinasi dan konsultasi ke luar daerah', 2017, 2, 198064000, 2, 1, 0, 198064000, 0, 1, 35, 18, 2),
(658, 19, 'Penyediaan Jasa Tenaga Administrasi dan Tenaga Teknis Lainnya', 2017, 2, 178740000, 1, 1, 178740000, 0, 0, 1, 35, 18, 2),
(659, 20, 'Rapat-Rapat Koordinasi dan Konsultasi Dalam Daerah', 2017, 2, 32250000, 2, 1, 0, 32250000, 0, 1, 35, 18, 2),
(660, 7, 'Pengadaan perlengkapan gedung kantor', 2017, 2, 31000000, 3, 1, 0, 0, 31000000, 2, 35, 18, 2),
(661, 24, 'Pemeliharaan rutin/berkala kendaraan dinas/operasional', 2017, 2, 13669700, 2, 1, 0, 160170650, 0, 2, 35, 18, 2),
(662, 26, 'Pemeliharaan rutin/berkala perlengkapan gedung kantor', 2017, 2, 5500000, 2, 1, 0, 5500000, 0, 2, 35, 18, 2),
(663, 28, 'Pemeliharaan rutin/berkala peralatan gedung kantor', 2017, 2, 3300000, 2, 1, 0, 3300000, 0, 2, 35, 18, 2),
(664, 29, 'Pemeliharaan rutin/berkala mebeleur', 2017, 2, 2000000, 2, 1, 0, 2000000, 0, 2, 35, 18, 2),
(665, 2, 'Pengadaan pakaian dinas beserta perlengkapannya', 2017, 2, 4875000, 2, 1, 0, 16375000, 0, 3, 35, 18, 2),
(666, 1, 'Pendidikan dan pelatihan formal', 2017, 2, 165768000, 2, 1, 0, 165768000, 0, 5, 35, 18, 2),
(667, 2, 'Pendataan dan penataan dokumen/arsip daerah', 2017, 2, 1425000, 2, 1, 0, 33750250, 0, 16, 35, 18, 2),
(668, 3, 'Penduplikasian dokumen/arsip daerah dalam bentuk informatika', 2017, 2, 1774000, 2, 1, 0, 40150000, 0, 16, 35, 18, 2),
(669, 3, 'Monitoring, evaluasi dan pelaporan kondisi situasi data', 2017, 2, 75000, 2, 1, 0, 12825000, 0, 17, 35, 18, 2),
(670, 1, 'Pemasyarakatan  minat dan kebiasaan membaca untuk mendorong terwujudnya masyarakat pembelajar', 2017, 2, 2430000, 2, 1, 0, 115453900, 0, 21, 36, 1, 1),
(671, 5, 'Penyediaan bantuan pengembangan perpustakaan dan minat baca di daerah', 2017, 2, 1080000, 1, 1, 1080000, 2505500, 115625000, 21, 36, 1, 1),
(672, 1, 'Penyediaan jasa surat menyurat', 2017, 2, 1500000, 2, 1, 0, 1500000, 0, 1, 37, 1, 3),
(673, 2, 'Penyediaan jasa komunikasi, sumber daya air dan listrik', 2017, 2, 45540000, 2, 1, 0, 45540000, 0, 1, 37, 1, 3),
(674, 8, 'Penyediaan jasa kebersihan kantor', 2017, 2, 1664000, 2, 1, 0, 1664000, 0, 1, 37, 1, 3),
(675, 10, 'Penyediaan alat tulis kantor', 2017, 2, 17384500, 2, 1, 0, 17384500, 0, 1, 37, 1, 3),
(676, 11, 'Penyediaan barang cetakan dan penggandaan', 2017, 2, 907500, 2, 1, 0, 6000000, 0, 1, 37, 1, 3),
(677, 12, 'Penyediaan komponen instalasi listrik/penerangan bangunan kantor', 2017, 2, 1530000, 2, 1, 0, 1530000, 0, 1, 37, 1, 3),
(678, 17, 'Penyediaan makanan dan minuman', 2017, 2, 4059000, 2, 1, 0, 4059000, 0, 1, 37, 1, 3),
(679, 18, 'Rapat-rapat koordinasi dan konsultasi ke luar daerah', 2017, 2, 336417000, 2, 1, 0, 336417000, 0, 1, 37, 1, 3),
(680, 19, 'Penyediaan Jasa Tenaga Administrasi dan Tenaga Teknis Lainnya', 2017, 2, 54360000, 1, 1, 54360000, 0, 0, 1, 37, 1, 3),
(681, 20, 'Rapat-Rapat Koordinasi dan Konsultasi Dalam Daerah', 2017, 2, 166040000, 2, 1, 0, 166040000, 0, 1, 37, 1, 3),
(682, 9, 'Pengadaan peralatan gedung kantor', 2017, 2, 29818000, 3, 1, 0, 0, 29818000, 2, 37, 1, 3),
(683, 24, 'Pemeliharaan rutin/berkala kendaraan dinas/operasional', 2017, 2, 4950000, 2, 1, 0, 65865500, 0, 2, 37, 1, 3),
(684, 42, 'Rehabilitasi sedang/berat gedung kantor', 2017, 2, 5450000, 1, 1, 5450000, 21404000, 267550000, 2, 37, 1, 3),
(685, 2, 'Pengadaan pakaian dinas beserta perlengkapannya', 2017, 2, 2508000, 2, 1, 0, 16713500, 0, 3, 37, 1, 3),
(686, 4, 'Peningkatan Keahlian dan Ketrampilan Masyarakat Pesisir dalam Pengelolaan Sumberdaya Perikanan', 2017, 2, 3400000, 1, 1, 3400000, 116540000, 0, 15, 37, 1, 3),
(687, 1, 'Pengembangan bibit ikan unggul', 2017, 2, 13800000, 2, 1, 0, 123350000, 0, 20, 37, 1, 3),
(688, 4, 'Pembangunan/Pengadaan Sarana dan Prasarana Budidaya Perikanan', 2017, 2, 31800000, 2, 1, 0, 747650000, 0, 20, 37, 1, 3),
(689, 6, 'Pembangunan/Pengadaan Sarana dan Prasarana Perikanan Tangkap', 2017, 2, 26363000, 2, 1, 0, 872368000, 0, 21, 37, 1, 3),
(690, 1, 'Kajian sistem penyuluhan perikanan', 2017, 2, 6500000, 2, 1, 0, 327739000, 0, 22, 37, 1, 3),
(691, 2, 'Pembangunan/Pengadaan Sarana dan Prasarana Pengelolaan, Peningkatan Mutu dan Pemasaran Hasil Perikanan', 2017, 2, 495000, 2, 1, 0, 204755000, 0, 23, 37, 1, 3),
(692, 3, 'Pembinaan Kelompok Pengolahan dan Pemasaran Hasil Perikanan', 2017, 2, 3400000, 1, 1, 3400000, 109421500, 0, 23, 37, 1, 3),
(693, 1, 'Kajian kawasan budidaya laut, air payau dan air tawar', 2017, 2, 2335000, 1, 1, 2335000, 197665000, 0, 24, 37, 1, 3),
(694, 1, 'Penyediaan jasa surat menyurat', 2017, 2, 1800000, 2, 1, 0, 1800000, 0, 1, 38, 2, 3),
(695, 2, 'Penyediaan jasa komunikasi, sumber daya air dan listrik', 2017, 2, 1020000, 2, 1, 0, 19020000, 0, 1, 38, 2, 3),
(696, 5, 'Penyediaan jasa jaminan barang milik daerah', 2017, 2, 72500000, 2, 1, 0, 72500000, 0, 1, 38, 2, 3),
(697, 8, 'Penyediaan jasa kebersihan kantor', 2017, 2, 3445000, 2, 1, 0, 3445000, 0, 1, 38, 2, 3),
(698, 10, 'Penyediaan alat tulis kantor', 2017, 2, 15715500, 2, 1, 0, 15715500, 0, 1, 38, 2, 3),
(699, 11, 'Penyediaan barang cetakan dan penggandaan', 2017, 2, 2250000, 2, 1, 0, 11010000, 0, 1, 38, 2, 3),
(700, 12, 'Penyediaan komponen instalasi listrik/penerangan bangunan kantor', 2017, 2, 1000000, 2, 1, 0, 1000000, 0, 1, 38, 2, 3),
(701, 15, 'Penyediaan bahan bacaan dan peraturan perundang-undangan', 2017, 2, 1350000, 2, 1, 0, 1350000, 0, 1, 38, 2, 3),
(702, 17, 'Penyediaan makanan dan minuman', 2017, 2, 11275000, 2, 1, 0, 11275000, 0, 1, 38, 2, 3),
(703, 18, 'Rapat-rapat koordinasi dan konsultasi ke luar daerah', 2017, 2, 378357000, 2, 1, 0, 378357000, 0, 1, 38, 2, 3),
(704, 19, 'Penyediaan Jasa Tenaga Administrasi dan Tenaga Teknis Lainnya', 2017, 2, 148560000, 1, 1, 148560000, 950500, 0, 1, 38, 2, 3),
(705, 20, 'Rapat-rapat koordinasi dan konsultasi dalam daerah', 2017, 2, 26265000, 2, 1, 0, 26265000, 0, 1, 38, 2, 3),
(706, 9, 'Pengadaan peralatan gedung kantor', 2017, 2, 2000000, 3, 1, 0, 0, 2000000, 2, 38, 2, 3),
(707, 10, 'Pengadaan mebeleur', 2017, 2, 6000000, 3, 1, 0, 0, 10000000, 2, 38, 2, 3),
(708, 22, 'Pemeliharaan rutin/berkala gedung kantor', 2017, 2, 4950000, 2, 1, 0, 4950000, 0, 2, 38, 2, 3),
(709, 24, 'Pemeliharaan rutin/berkala kendaraan dinas/operasional', 2017, 2, 6250000, 2, 1, 0, 48500000, 0, 2, 38, 2, 3),
(710, 26, 'Pemeliharaan rutin/berkala perlengkapan gedung kantor', 2017, 2, 800000, 2, 1, 0, 800000, 0, 2, 38, 2, 3),
(711, 28, 'Pemeliharaan rutin/berkala peralatan gedung kantor', 2017, 2, 2000000, 2, 1, 0, 2000000, 0, 2, 38, 2, 3),
(712, 2, 'Pengadaan pakaian dinas beserta perlengkapannya', 2017, 2, 879500, 2, 1, 0, 24881500, 0, 3, 38, 2, 3),
(713, 5, 'Pelaksanaan promosi pariwisata nusantara di dalam dan di luar negeri', 2017, 2, 6000000, 2, 1, 0, 330640000, 0, 15, 38, 2, 3),
(714, 2, 'Peningkatan pembangunan sarana dan prasarana pariwisata', 2017, 2, 32400000, 2, 1, 0, 151846500, 4794650000, 16, 38, 2, 3),
(715, 8, 'Peningkatan peran serta masyarakat dalam pengembangan kemitraan pariwisata', 2017, 2, 2115000, 2, 1, 0, 689829500, 0, 17, 38, 2, 3),
(716, 1, 'Penyediaan jasa surat menyurat', 2017, 2, 600000, 2, 1, 0, 600000, 0, 1, 39, 3, 3),
(717, 2, 'Penyediaan jasa komunikasi, sumber daya air dan listrik', 2017, 2, 2400000, 2, 1, 0, 38400000, 0, 1, 39, 3, 3),
(718, 8, 'Penyediaan jasa kebersihan kantor', 2017, 2, 2114000, 2, 1, 0, 2114000, 0, 1, 39, 3, 3),
(719, 10, 'Penyediaan alat tulis kantor', 2017, 2, 9523800, 2, 1, 0, 9523800, 0, 1, 39, 3, 3),
(720, 11, 'Penyediaan barang cetakan dan penggandaan', 2017, 2, 1980000, 2, 1, 0, 10692000, 0, 1, 39, 3, 3),
(721, 15, 'Penyediaan bahan bacaan dan peraturan perundang-undangan', 2017, 2, 2400000, 2, 1, 0, 2400000, 0, 1, 39, 3, 3),
(722, 17, 'Penyediaan makanan dan minuman', 2017, 2, 32670000, 2, 1, 0, 32670000, 0, 1, 39, 3, 3),
(723, 18, 'Rapat-rapat koordinasi dan konsultasi ke luar daerah', 2017, 2, 578430000, 2, 1, 0, 578430000, 0, 1, 39, 3, 3),
(724, 19, 'Penyediaan Jasa Tenaga Administrasi dan Tenaga Teknis Lainnya', 2017, 2, 92400000, 1, 1, 92400000, 194000, 0, 1, 39, 3, 3),
(725, 20, 'Rapat-rapat koordinasi dan konsultasi dalam daerah', 2017, 2, 169650000, 2, 1, 0, 169650000, 0, 1, 39, 3, 3),
(726, 9, 'Pengadaan peralatan gedung kantor', 2017, 2, 31400000, 3, 1, 0, 0, 31400000, 2, 39, 3, 3),
(727, 24, 'Pemeliharaan rutin/berkala kendaraan dinas/operasional', 2017, 2, 63000000, 2, 1, 0, 157100000, 0, 2, 39, 3, 3),
(728, 2, 'Pengadaan pakaian dinas beserta perlengkapannya', 2017, 2, 33200000, 2, 1, 0, 33200000, 0, 3, 39, 3, 3),
(729, 3, 'Peningkatan kemampuan lembaga petani', 2017, 2, 331749000, 2, 1, 0, 331749000, 0, 15, 39, 3, 3),
(730, 6, 'Sosialisasi Program dan Kegiatan Pembangunan Pertanian', 2017, 2, 10800000, 2, 1, 0, 16430400, 0, 15, 39, 3, 3),
(731, 12, 'Penanganan pasca panen dan pengolahan hasil pertanian', 2017, 2, 212500000, 2, 1, 0, 212500000, 0, 16, 39, 3, 3),
(732, 7, 'Promosi atas hasil produksi pertanian/perkebunan unggulan daerah', 2017, 2, 960000, 2, 1, 0, 34920000, 0, 17, 39, 3, 3),
(733, 2, 'Pengadaan sarana dan prasarana teknologi pertanian/perkebunan tepat guna', 2017, 2, 113550000, 2, 1, 0, 10279955100, 75000000, 18, 39, 3, 3),
(734, 4, 'Kegiatan penyuluhan penerapan teknologi pertanian/perkebunan tepat guna', 2017, 2, 24000000, 1, 1, 24000000, 80528000, 0, 18, 39, 3, 3),
(735, 5, 'Pelatihan dan bimbingan pengoperasian teknologi pertanian/perkebunan tepat guna', 2017, 2, 3450000, 1, 1, 3450000, 88062750, 0, 18, 39, 3, 3),
(736, 1, 'Penyuluhan peningkatan produksi pertanian/perkebunan', 2017, 2, 20000000, 2, 1, 0, 139101000, 0, 19, 39, 3, 3),
(737, 2, 'Penyediaan sarana produksi pertanian/perkebunan', 2017, 2, 1348460000, 2, 1, 0, 1348460000, 0, 19, 39, 3, 3),
(738, 3, 'Pengembangan bibit unggul pertanian/perkebunan', 2017, 2, 3258016000, 2, 1, 0, 3258016000, 0, 19, 39, 3, 3),
(739, 6, 'Monitoring, evaluasi dan pelaporan', 2017, 2, 272100000, 2, 1, 0, 272100000, 0, 19, 39, 3, 3),
(740, 16, 'Peremajaan Tanaman', 2017, 2, 198325000, 2, 1, 0, 198325000, 0, 19, 39, 3, 3),
(741, 17, 'Pengendalian Hama dan Penyakit Kelapa', 2017, 2, 2500000, 1, 1, 2500000, 23309000, 0, 19, 39, 3, 3),
(742, 1, 'Penyediaan jasa surat menyurat', 2017, 2, 3210000, 2, 1, 0, 3210000, 0, 1, 41, 3, 3),
(743, 2, 'Penyediaan jasa komunikasi, sumber daya air dan listrik', 2017, 2, 108600000, 2, 1, 0, 108600000, 0, 1, 41, 3, 3),
(744, 8, 'Penyediaan jasa kebersihan kantor', 2017, 2, 1092000, 2, 1, 0, 1092000, 0, 1, 41, 3, 3),
(745, 10, 'Penyediaan alat tulis kantor', 2017, 2, 38000000, 2, 1, 0, 38000000, 0, 1, 41, 3, 3),
(746, 11, 'Penyediaan barang cetakan dan penggandaan', 2017, 2, 13916000, 2, 1, 0, 27825000, 0, 1, 41, 3, 3),
(747, 12, 'Penyediaan komponen instalasi listrik/penerangan bangunan kantor', 2017, 2, 1606000, 2, 1, 0, 1606000, 0, 1, 41, 3, 3),
(748, 15, 'Penyediaan bahan bacaan dan peraturan perundang-undangan', 2017, 2, 1200000, 2, 1, 0, 1200000, 0, 1, 41, 3, 3),
(749, 17, 'Penyediaan makanan dan minuman', 2017, 2, 25668000, 2, 1, 0, 25668000, 0, 1, 41, 3, 3),
(750, 18, 'Rapat-rapat koordinasi dan konsultasi ke luar daerah', 2017, 2, 365626000, 2, 1, 0, 365626000, 0, 1, 41, 3, 3),
(751, 19, 'Penyediaan Jasa Tenaga Administrasi dan Tenaga Teknis Lainnya', 2017, 2, 146760000, 1, 1, 146760000, 3582000, 0, 1, 41, 3, 3),
(752, 20, 'Rapat-rapat koordinasi dan konsultasi dalam daerah', 2017, 2, 83950000, 2, 1, 0, 83950000, 0, 1, 41, 3, 3),
(753, 7, 'Pengadaan perlengkapan gedung kantor', 2017, 2, 4000000, 3, 1, 0, 0, 8000000, 2, 41, 3, 3),
(754, 9, 'Pengadaan peralatan gedung kantor', 2017, 2, 8454400, 3, 1, 0, 0, 11454400, 2, 41, 3, 3),
(755, 10, 'Pengadaan mebeleur', 2017, 2, 40480000, 3, 1, 0, 0, 40480000, 2, 41, 3, 3),
(756, 22, 'Pemeliharaan rutin/berkala gedung kantor', 2017, 2, 1450000, 1, 1, 1450000, 148550000, 0, 2, 41, 3, 3),
(757, 24, 'Pemeliharaan rutin/berkala kendaraan dinas/operasional', 2017, 2, 33620000, 2, 1, 0, 161871600, 0, 2, 41, 3, 3),
(758, 26, 'Pemeliharaan rutin/berkala perlengkapan gedung kantor', 2017, 2, 5000000, 2, 1, 0, 5000000, 0, 2, 41, 3, 3),
(759, 28, 'Pemeliharaan rutin/berkala peralatan gedung kantor', 2017, 2, 13480000, 2, 1, 0, 13480000, 0, 2, 41, 3, 3),
(760, 2, 'Pengadaan pakaian dinas beserta perlengkapannya', 2017, 2, 4018200, 2, 1, 0, 32997000, 0, 3, 41, 3, 3),
(761, 1, 'Pendidikan dan pelatihan formal', 2017, 2, 28700000, 2, 1, 0, 53700000, 0, 5, 41, 3, 3),
(762, 2, 'Pemeliharaan kesehatan dan pencegahan penyakit menular ternak', 2017, 2, 201400000, 2, 1, 0, 221870000, 750551850, 21, 41, 3, 3),
(763, 3, 'Pemusnahan ternak yang terjangkit penyakit endemik', 2017, 2, 5952000, 2, 1, 0, 27000000, 0, 21, 41, 3, 3),
(764, 5, 'Monitoring, evaluasi dan pelaporan', 2017, 2, 76075000, 2, 1, 0, 76075000, 0, 21, 41, 3, 3),
(765, 1, 'Pembangunan sarana dan prasarana pembibitan ternak', 2017, 2, 4586035000, 2, 1, 0, 4586035000, 0, 22, 41, 3, 3),
(766, 3, 'Pendistribusian bibit ternak  kepada masyarakat', 2017, 2, 64475000, 2, 1, 0, 4314865250, 0, 22, 41, 3, 3),
(767, 6, 'Pembelian dan pendidistribusian vaksin dan pakan ternak', 2017, 2, 53870000, 2, 1, 0, 146315000, 0, 22, 41, 3, 3),
(768, 8, 'Pengembangan agribisnis peternakan', 2017, 2, 40800000, 1, 1, 40800000, 2166139000, 13000000, 22, 41, 3, 3),
(769, 9, 'Monitoring, evaluasi dan pelaporan', 2017, 2, 120075000, 2, 1, 0, 120075000, 0, 22, 41, 3, 3),
(770, 5, 'Promosi atas hasil produksi peternakan unggulan daerah', 2017, 2, 10400000, 1, 1, 14900000, 532994500, 0, 23, 41, 3, 3),
(771, 12, 'Pemeliharaan rutin/berkala sarana dan prasarana pasar produksi peternakan', 2017, 2, 100000000, 3, 1, 0, 0, 100000000, 23, 41, 3, 3),
(772, 2, 'Pengadaan sarana dan prasarana teknologi peternakan tepat guna', 2017, 2, 499000000, 2, 1, 0, 552150000, 0, 24, 41, 3, 3),
(773, 4, 'Kegiatan penyuluhan penerapan teknologi peternakan tepat guna', 2017, 2, 63000000, 1, 1, 63000000, 508095900, 0, 24, 41, 3, 3),
(774, 6, 'Monitoring, evaluasi dan pelaporan', 2017, 2, 56560000, 2, 1, 0, 56560000, 0, 24, 41, 3, 3),
(775, 1, 'Penyediaan jasa surat menyurat', 2017, 2, 2499000, 2, 1, 0, 2499000, 0, 1, 42, 3, 3),
(776, 2, 'Penyediaan jasa komunikasi, sumber daya air dan listrik', 2017, 2, 5400000, 2, 1, 0, 5400000, 0, 1, 42, 3, 3),
(777, 8, 'Penyediaan jasa kebersihan kantor', 2017, 2, 1451000, 2, 1, 0, 1451000, 0, 1, 42, 3, 3),
(778, 10, 'Penyediaan alat tulis kantor', 2017, 2, 24597500, 2, 1, 0, 24597500, 0, 1, 42, 3, 3),
(779, 11, 'Penyediaan barang cetakan dan penggandaan', 2017, 2, 1120000, 2, 1, 0, 3300000, 0, 1, 42, 3, 3),
(780, 12, 'Penyediaan komponen instalasi listrik/penerangan bangunan kantor', 2017, 2, 860000, 2, 1, 0, 860000, 0, 1, 42, 3, 3),
(781, 15, 'Penyediaan bahan bacaan dan peraturan perundang-undangan', 2017, 2, 1800000, 2, 1, 0, 1800000, 0, 1, 42, 3, 3),
(782, 17, 'Penyediaan makanan dan minuman', 2017, 2, 25600000, 2, 1, 0, 25600000, 0, 1, 42, 3, 3),
(783, 18, 'Rapat-rapat koordinasi dan konsultasi ke luar daerah', 2017, 2, 376843000, 2, 1, 0, 376843000, 0, 1, 42, 3, 3),
(784, 19, 'Penyediaan Jasa Tenaga Administrasi dan Tenaga Teknis Lainnya', 2017, 2, 18120000, 1, 1, 18120000, 540000, 0, 1, 42, 3, 3),
(785, 20, 'Rapat-rapat koordinasi dan konsultasi dalam daerah', 2017, 2, 86825000, 2, 1, 0, 86825000, 0, 1, 42, 3, 3),
(786, 3, 'Pembangunan gedung kantor', 2017, 2, 1334000, 2, 1, 0, 17009000, 507991000, 2, 42, 3, 3),
(787, 5, 'pengadaan Kendaraan dinas/operasional', 2017, 2, 0, 3, 1, 0, 0, 0, 2, 42, 3, 3),
(788, 9, 'Pengadaan peralatan gedung kantor', 2017, 2, 0, 2, 1, 0, 0, 0, 2, 42, 3, 3),
(789, 10, 'Pengadaan mebeleur', 2017, 2, 75000000, 3, 1, 0, 0, 75000000, 2, 42, 3, 3),
(790, 22, 'Pemeliharaan rutin/berkala gedung kantor', 2017, 2, 254375000, 2, 1, 0, 271875000, 0, 2, 42, 3, 3),
(791, 24, 'Pemeliharaan rutin/berkala kendaraan dinas/operasional', 2017, 2, 6400000, 2, 1, 0, 88360000, 0, 2, 42, 3, 3),
(792, 28, 'Pemeliharaan rutin/berkala peralatan gedung kantor', 2017, 2, 3500000, 2, 1, 0, 3500000, 0, 2, 42, 3, 3),
(793, 2, 'Pengadaan pakaian dinas beserta perlengkapannya', 2017, 2, 3900000, 2, 1, 0, 78380000, 0, 3, 42, 3, 3),
(794, 3, 'Bimbingan teknis implementasi peraturan perundang-undangan', 2017, 2, 16162000, 2, 1, 0, 26162000, 0, 5, 42, 3, 3),
(795, 2, 'Penyuluhan dan pendampingan petani dan pelaku agribisnis', 2017, 2, 117600000, 1, 1, 117600000, 12659000, 0, 15, 42, 3, 3),
(796, 3, 'Peningkatan kemampuan lembaga petani', 2017, 2, 35450000, 1, 1, 35450000, 470467500, 0, 15, 42, 3, 3),
(797, 4, 'Peningkatan sistem insentif dan disinsentif bagi petani/kelompok tani', 2017, 2, 6500000, 1, 1, 6500000, 45177500, 0, 15, 42, 3, 3),
(798, 5, 'Penyuluhan dan bimbingan pemanfaatan dan produktivitas lahan tidur', 2017, 2, 1000000, 2, 1, 0, 87700000, 0, 15, 42, 3, 3),
(799, 9, 'Pemanfaatan pekarangan untuk pengembangan pangan', 2017, 2, 4000000, 2, 1, 0, 154470000, 0, 16, 42, 3, 3),
(800, 7, 'Promosi atas hasil produksi pertanian/perkebunan unggulan daerah', 2017, 2, 16250000, 1, 1, 16250000, 324478500, 0, 17, 42, 3, 3),
(801, 2, 'Pengadaan sarana dan prasarana teknologi pertanian/perkebunan tepat guna', 2017, 2, 6000000, 2, 1, 0, 18000000, 34644000, 18, 42, 3, 3),
(802, 5, 'Pelatihan dan bimbingan pengoperasian teknologi pertanian/perkebunan tepat guna', 2017, 2, 2250000, 1, 1, 2250000, 24625000, 0, 18, 42, 3, 3),
(803, 7, 'Monitoring, evaluasi dan pelaporan', 2017, 2, 86700000, 2, 1, 0, 86700000, 0, 18, 42, 3, 3),
(804, 1, 'Peningkatan kapasitas tenaga penyuluh pertanian/perkebunan', 2017, 2, 96200000, 1, 1, 96200000, 149233000, 0, 20, 42, 3, 3),
(805, 2, 'Peningkatan kesejahteraan tenaga penyuluh pertanian/perkebunan', 2017, 2, 18200000, 1, 1, 18200000, 626100000, 0, 20, 42, 3, 3),
(806, 1, 'Penyediaan jasa surat menyurat', 2017, 2, 2976000, 2, 1, 0, 2976000, 0, 1, 43, 7, 3),
(807, 2, 'Penyediaan jasa komunikasi, sumber daya air dan listrik', 2017, 2, 5750000, 2, 1, 0, 36950000, 0, 1, 43, 7, 3),
(808, 8, 'Penyediaan jasa kebersihan kantor', 2017, 2, 6000000, 2, 1, 0, 6000000, 0, 1, 43, 7, 3),
(809, 10, 'Penyediaan alat tulis kantor', 2017, 2, 18000000, 2, 1, 0, 18000000, 0, 1, 43, 7, 3),
(810, 11, 'Penyediaan barang cetakan dan penggandaan', 2017, 2, 1750000, 2, 1, 0, 9750000, 0, 1, 43, 7, 3),
(811, 12, 'Penyediaan komponen instalasi listrik/penerangan bangunan kantor', 2017, 2, 3200000, 2, 1, 0, 3200000, 0, 1, 43, 7, 3),
(812, 13, 'Penyediaan peralatan dan perlengkapan kantor', 2017, 2, 4600000, 3, 1, 0, 0, 35220000, 1, 43, 7, 3),
(813, 15, 'Penyediaan bahan bacaan dan peraturan perundang-undangan', 2017, 2, 1200000, 2, 1, 0, 1200000, 600000, 1, 43, 7, 3),
(814, 17, 'Penyediaan makanan dan minuman', 2017, 2, 4520000, 2, 1, 0, 4520000, 0, 1, 43, 7, 3),
(815, 18, 'Rapat-rapat koordinasi dan konsultasi ke luar daerah', 2017, 2, 310597000, 2, 1, 0, 310597000, 0, 1, 43, 7, 3),
(816, 19, 'Penyediaan Jasa Tenaga Administrasi dan Tenaga Teknis Lainnya', 2017, 2, 222840000, 1, 1, 222840000, 255000, 0, 1, 43, 7, 3),
(817, 20, 'Rapat-Rapat Koordinasi dan Konsultasi Dalam Daerah', 2017, 2, 134460000, 2, 1, 0, 134460000, 0, 1, 43, 7, 3),
(818, 7, 'Pengadaan perlengkapan gedung kantor', 2017, 2, 3625000, 3, 1, 0, 0, 3625000, 2, 43, 7, 3),
(819, 10, 'Pengadaan mebeleur', 2017, 2, 9000000, 3, 1, 0, 0, 9000000, 2, 43, 7, 3),
(820, 22, 'Pemeliharaan rutin/berkala gedung kantor', 2017, 2, 6415000, 2, 1, 0, 14915000, 0, 2, 43, 7, 3),
(821, 24, 'Pemeliharaan rutin/berkala kendaraan dinas/operasional', 2017, 2, 7000000, 2, 1, 0, 60836000, 0, 2, 43, 7, 3),
(822, 28, 'Pemeliharaan rutin/berkala peralatan gedung kantor', 2017, 2, 9560000, 2, 1, 0, 9560000, 0, 2, 43, 7, 3),
(823, 2, 'Pengadaan pakaian dinas beserta perlengkapannya', 2017, 2, 2640000, 2, 1, 0, 20475000, 0, 3, 43, 7, 3),
(824, 1, 'Pendidikan dan pelatihan formal', 2017, 2, 39269000, 2, 1, 0, 54269000, 0, 5, 43, 7, 3),
(825, 2, 'Fasilitasi penyelesaian permasalahan-permasalahan pengaduan konsumen', 2017, 2, 40800000, 1, 1, 40800000, 18220000, 0, 15, 44, 6, 3),
(826, 3, 'Peningkatan pengawasan peredaran barang dan jasa', 2017, 2, 775000, 2, 1, 0, 36322000, 0, 15, 44, 6, 3),
(827, 4, 'Operasionalisasi dan pengembangan UPT kemetrologian daerah', 2017, 2, 825000, 2, 1, 0, 41600000, 0, 15, 44, 6, 3),
(828, 1, 'Fasilitasi bagi industri kecil dan menengah terhadap pemanfaatan sumber daya', 2017, 2, 4005000, 2, 1, 0, 343922500, 0, 16, 43, 7, 3),
(829, 2, 'Pembinaan industri kecil dan menengah dalam memperkuat jaringan klaster industeri', 2017, 2, 503000, 2, 1, 0, 601570000, 4400000000, 16, 43, 7, 3),
(830, 6, 'Fasilitasi kerjasama kemitraan industri mikro, kecil dan menengah dengan swasta', 2017, 2, 10000000, 2, 1, 0, 521730500, 0, 16, 43, 7, 3),
(831, 4, 'Pengembangan data base informasi potensi unggulan', 2017, 2, 547500, 2, 1, 0, 13516500, 0, 17, 44, 6, 3),
(832, 3, 'Pengembangan pasar dan distribusi barang/produk', 2017, 2, 13500000, 1, 1, 21150000, 234560000, 4082071500, 18, 44, 6, 3),
(833, 6, 'Peningkatan sistem dan jaringan informasi perdagangan', 2017, 2, 360000, 2, 1, 0, 32780000, 0, 18, 44, 6, 3),
(834, 1, 'Penyediaan jasa surat menyurat', 2017, 2, 40056000, 2, 1, 0, 59956000, 0, 1, 47, 1, 4),
(835, 2, 'Penyediaan jasa komunikasi, sumber daya air dan listrik', 2017, 2, 102000000, 2, 1, 0, 1858800000, 0, 1, 47, 1, 4),
(836, 3, 'Penyediaan jasa peralatan dan perlengkapan kantor', 2017, 2, 280000000, 2, 1, 0, 347500000, 0, 1, 47, 1, 4),
(837, 8, 'Penyediaan jasa kebersihan kantor', 2017, 2, 44170100, 2, 1, 0, 44170100, 0, 1, 47, 1, 4),
(838, 10, 'Penyediaan alat tulis kantor', 2017, 2, 158950300, 2, 1, 0, 158950300, 0, 1, 47, 1, 4),
(839, 11, 'Penyediaan barang cetakan dan penggandaan', 2017, 2, 52249050, 2, 1, 0, 124626250, 0, 1, 47, 1, 4),
(840, 12, 'Penyediaan komponen instalasi listrik/penerangan bangunan kantor', 2017, 2, 34304000, 2, 1, 0, 34304000, 0, 1, 47, 1, 4),
(841, 14, 'Penyediaan peralatan rumah tangga', 2017, 2, 13635000, 2, 1, 0, 13635000, 0, 1, 47, 1, 4),
(842, 15, 'Penyediaan bahan bacaan dan peraturan perundang-undangan', 2017, 2, 263532000, 2, 1, 0, 263532000, 2500000, 1, 47, 1, 4),
(843, 17, 'Penyediaan makanan dan minuman', 2017, 2, 445593300, 2, 1, 0, 2178993300, 0, 1, 47, 1, 4),
(844, 18, 'Rapat-rapat koordinasi dan konsultasi ke luar daerah', 2017, 2, 3405774000, 2, 1, 0, 3405774000, 0, 1, 47, 1, 4),
(845, 19, 'Penyediaan Jasa Tenaga Administrasi dan Tenaga Teknis Lainnya', 2017, 2, 5889000000, 1, 1, 5889000000, 2740000, 0, 1, 47, 1, 4),
(846, 20, 'Rapat-Rapat Koordinasi Dalam Daerah', 2017, 2, 30000000, 2, 1, 0, 1166305000, 0, 1, 47, 1, 4),
(847, 5, 'pengadaan Kendaraan dinas/operasional', 2017, 2, 25000000, 3, 1, 0, 0, 25000000, 2, 47, 1, 4),
(848, 6, 'Pengadaan perlengkapan rumah jabatan/dinas', 2017, 2, 36000000, 3, 1, 0, 0, 169000000, 2, 47, 1, 4),
(849, 7, 'Pengadaan perlengkapan gedung kantor', 2017, 2, 4790000, 1, 1, 4790000, 2660000, 93810000, 2, 47, 1, 4),
(850, 9, 'Pengadaan peralatan gedung kantor', 2017, 2, 1075000, 1, 1, 1075000, 1905000, 204850000, 2, 47, 1, 4),
(851, 10, 'Pengadaan mebeleur', 2017, 2, 28310000, 3, 1, 0, 0, 41995000, 2, 47, 1, 4),
(852, 20, 'Pemeliharaan rutin/berkala rumah jabatan', 2017, 2, 28310000, 2, 1, 0, 83713900, 0, 2, 47, 1, 4),
(853, 22, 'Pemeliharaan rutin/berkala gedung kantor', 2017, 2, 5000000, 2, 1, 0, 149795000, 0, 2, 47, 1, 4),
(854, 23, 'Pemeliharaan rutin/berkala mobil jabatan', 2017, 2, 24000000, 2, 1, 0, 299950000, 0, 2, 47, 1, 4),
(855, 24, 'Pemeliharaan rutin/berkala kendaraan dinas/operasional', 2017, 2, 125060800, 2, 1, 0, 1487988950, 0, 2, 47, 1, 4),
(856, 25, 'Pemeliharaan rutin/berkala perlengkapan rumah jabatan/dinas', 2017, 2, 12000000, 2, 1, 0, 38505500, 0, 2, 47, 1, 4),
(857, 26, 'Pemeliharaan rutin/berkala perlengkapan gedung kantor', 2017, 2, 3545000, 2, 1, 0, 46405500, 0, 2, 47, 1, 4),
(858, 28, 'Pemeliharaan rutin/berkala peralatan gedung kantor', 2017, 2, 48500000, 2, 1, 0, 115967500, 0, 2, 47, 1, 4),
(859, 2, 'Pengadaan pakaian dinas beserta perlengkapannya', 2017, 2, 480000, 1, 1, 1265000, 187580000, 0, 3, 47, 1, 4),
(860, 3, 'Bimbingan teknis implementasi peraturan perundang-undangan', 2017, 2, 50526000, 2, 1, 0, 80526000, 0, 3, 47, 1, 4),
(861, 1, 'Penangan Kasus Pengaduan di Lingkungan Pemerintah Daerah', 2017, 2, 3685000, 2, 1, 0, 79131000, 0, 4, 47, 1, 4),
(862, 1, 'Legislasi Rancangan Peraturan Perundang-undangan', 2017, 2, 47100000, 1, 1, 136440000, 79322500, 0, 5, 47, 1, 4),
(863, 2, 'Fasilitasi Sosialisasi Peraturan Perundang-undangan', 2017, 2, 36000000, 1, 1, 36000000, 309700000, 0, 5, 47, 1, 4),
(864, 3, 'Publikasi Peraturan Perundang-undangan', 2017, 2, 5000000, 1, 1, 5000000, 238898500, 23468000, 5, 47, 1, 4),
(865, 1, 'Pendidikan dan pelatihan formal', 2017, 2, 58947000, 2, 1, 0, 93947000, 0, 5, 47, 1, 4),
(866, 2, 'Sosialisasi peraturan perundang-undangan', 2017, 2, 5597500, 2, 1, 0, 281404500, 0, 5, 47, 1, 4),
(867, 3, 'Bimbingan teknis implementasi peraturan perundang-undangan', 2017, 2, 246431000, 2, 1, 0, 353931000, 0, 5, 47, 1, 4),
(868, 4, 'Pelatihan Pengadaan Barang / Jasa Secara Elektronik', 2017, 2, 4500000, 1, 1, 4500000, 75353500, 0, 5, 47, 1, 4);
INSERT INTO `ms_kegiatan` (`NO`, `KODEKEGIATAN`, `NAMAKEGIATAN`, `TAHUNBELANJA`, `KODEDANABELANJA`, `PAGUKEGIATAN`, `KODEJENISBELANJA`, `STATUS`, `PAGUPEGAWAI`, `PAGUBARANG`, `PAGUMODAL`, `NOKODEPROGRAM`, `NOKODEDINAS`, `NOKODESUBURUSAN`, `NOKODEURUSAN`) VALUES
(869, 1, 'Rapat Koordinasi pengembangan Asosiasi dan Pengusaha', 2017, 2, 608500, 2, 1, 0, 183708500, 0, 7, 47, 1, 4),
(870, 1, 'Fasilitasi Sosialisasi Peraturan Perundang- Undangan', 2017, 2, 28800000, 2, 1, 0, 125116000, 0, 8, 47, 1, 4),
(871, 1, 'Pemberdayaan Lembaga dan Organisasi Masyarakat Perdesaan', 2017, 2, 23120000, 1, 1, 23120000, 1327964000, 100000000, 15, 48, 7, 2),
(872, 1, 'Dialog/audiensi dengan tokoh-tokoh masyarakat, pimpinan/anggota organisasi sosial dan kemasyarakatan', 2017, 2, 1250000, 2, 1, 0, 192000000, 0, 16, 47, 1, 4),
(873, 2, 'Penerimaan kunjungan kerja pejabat negara/departemen/lembaga pemerintah non departemen/luar negeri', 2017, 2, 117500000, 2, 1, 0, 314000000, 0, 16, 47, 1, 4),
(874, 3, 'Rapat koordinasi unsur MUSPIDA', 2017, 2, 168000000, 2, 1, 0, 190500000, 0, 16, 47, 1, 4),
(875, 4, 'Rapat koordinasi pejabat pemerintahan daerah', 2017, 2, 165000000, 1, 1, 165000000, 112840000, 0, 16, 47, 1, 4),
(876, 5, 'Kunjunagn kerja/inspeksi kepala daerah/wakil kepala daerah', 2017, 2, 61300000, 2, 1, 0, 61300000, 0, 16, 47, 1, 4),
(877, 6, 'Koordinasi dengan pemerintah pusat dan pemerintah daerah lainnya', 2017, 2, 985350000, 2, 1, 0, 985350000, 0, 16, 47, 1, 4),
(878, 7, 'Penyediaan Jaminan Pemeliharaan Kesehatan Kepal Derah/Wakil Kepala Daerah', 2017, 2, 180000000, 2, 1, 0, 180000000, 0, 16, 47, 1, 4),
(879, 8, 'Peningkatan Kapasitas Kepala Daerah/Wakil Kepala Daerah', 2017, 2, 114010000, 2, 1, 0, 164010000, 0, 16, 47, 1, 4),
(880, 5, 'Penyuluhan pencegahan penggunaan narkoba dikalangan generasi muda', 2017, 2, 1150000, 2, 1, 0, 31910000, 0, 16, 49, 13, 2),
(881, 9, 'Peningkatan kesehatan masyarakat', 2017, 2, 15750000, 1, 1, 15750000, 337670000, 0, 16, 50, 2, 1),
(882, 1, 'Peningkatan toleransi dan kerukunan dalam kehidupan beragama', 2017, 2, 23250000, 1, 1, 23250000, 191421000, 0, 17, 51, 5, 1),
(883, 3, 'Peningkatan kesadaran masyarakat akan nilai-nilai luhur budaya bangsa', 2017, 2, 9750000, 1, 1, 62240000, 66575000, 0, 17, 51, 5, 1),
(884, 3, 'Pemberian stimulan pembangunan desa', 2017, 2, 2900000, 1, 1, 4400000, 1055021500, 0, 17, 48, 7, 2),
(885, 17, 'Peingkatan koordinasi pengelolaan gerakan tanam paksa dan paksa tanam', 2017, 2, 6522500, 2, 1, 0, 2833810500, 0, 17, 52, 5, 2),
(886, 3, 'Pentas seni dan budaya, festival, lomba cipta dalam upaya peningkatan wawasan kebangsaan', 2017, 2, 3601500, 2, 1, 0, 413964800, 0, 18, 51, 5, 1),
(887, 2, 'Penyebarluasan informasi penyelenggaraan pemerintahan daerah', 2017, 2, 20000000, 1, 1, 20000000, 882500000, 0, 18, 53, 10, 2),
(888, 1, 'Kegiatan pembinaan organisasi perempuan', 2017, 2, 1923000, 2, 1, 0, 264521400, 0, 18, 54, 2, 2),
(889, 3, 'Penyusunan data sumberdaya alam dan neraca sumberdaya hutan (NSDH) nasional dan daerah', 2017, 2, 12658500, 2, 1, 0, 108173500, 0, 19, 52, 5, 2),
(890, 3, 'Pengendalian manajemen pelaksanaan kebijakan KDH', 2017, 2, 453000000, 1, 1, 472852000, 331924000, 0, 20, 47, 1, 4),
(891, 9, 'Evaluasi dan Penilaian Pelaksanaan Pelayanan Publik', 2017, 2, 9300000, 2, 1, 0, 218578000, 0, 20, 47, 1, 4),
(892, 9, 'Monitoring Evaluasi dan Pelaporan', 2017, 2, 15213500, 2, 1, 0, 233643500, 0, 20, 47, 1, 4),
(893, 11, 'Koordinasi penyusunan Laporan Kinerja Pemerintah Daerah', 2017, 2, 25500000, 1, 1, 137500000, 14449900, 0, 21, 55, 3, 4),
(894, 12, 'Koordinasi penyusunan laporan Keterangan Pertanggung Jawaban (LKPJ)', 2017, 2, 151464000, 1, 1, 155754000, 77536500, 0, 21, 55, 3, 4),
(895, 3, 'Fasilitasi percepatan penyelesaian tapal batas wilayah administrasi antar daerah', 2017, 2, 38880000, 2, 1, 0, 38880000, 0, 27, 47, 1, 4),
(896, 1, 'Sosialisasi dan Fasilitasi penyusunan SPP dan SOP', 2017, 2, 5300000, 2, 1, 0, 56178500, 0, 28, 47, 1, 4),
(897, 1, 'Pelaksanaan Evaluasi Jabatan dalam rangka Penataan Kelembagaan (Klarifikasi Jabatan)', 2017, 2, 2940000, 1, 1, 22320000, 44825000, 0, 29, 47, 1, 4),
(898, 2, 'Evaluasi dan Penyusunan Kelembagaan Perangkat Daerah', 2017, 2, 2940000, 1, 1, 21780000, 9415000, 0, 29, 47, 1, 4),
(899, 3, 'Pelaksanaan Analisis Jabatan dan Beban Kerja', 2017, 2, 15000000, 1, 1, 36780000, 46010000, 0, 29, 47, 1, 4),
(900, 4, 'Pelaksanaan Penyusunan Standar Kompetensi Jabatan', 2017, 2, 2940000, 1, 1, 21780000, 44785000, 0, 29, 47, 1, 4),
(901, 1, 'Fasilitasi dan Pendampingan Pelaksanan Evaluasi Jabatan dalam Rangka Pemutasian', 2017, 2, 39670000, 2, 1, 0, 39670000, 0, 30, 47, 1, 4),
(902, 4, 'Pekan Olaraga, Seni dan Budaya (PORSENI) KORPRI', 2017, 2, 15000000, 1, 1, 16445000, 499217500, 0, 31, 47, 1, 4),
(903, 5, 'Pembinaan Paduan Suara KORPRI', 2017, 2, 7500000, 2, 1, 0, 45000000, 0, 31, 47, 1, 4),
(904, 1, 'Penyediaan jasa surat menyurat', 2017, 2, 9000000, 2, 1, 0, 9000000, 0, 1, 57, 1, 4),
(905, 2, 'Penyediaan jasa komunikasi, sumber daya air dan listrik', 2017, 2, 53400000, 2, 1, 0, 642600000, 0, 1, 57, 1, 4),
(906, 8, 'Penyediaan jasa kebersihan kantor', 2017, 2, 25000000, 2, 1, 0, 25000000, 0, 1, 57, 1, 4),
(907, 10, 'Penyediaan alat tulis kantor', 2017, 2, 74982540, 2, 1, 0, 74982540, 0, 1, 57, 1, 4),
(908, 11, 'Penyediaan barang cetakan dan penggandaan', 2017, 2, 148810000, 2, 1, 0, 232973500, 0, 1, 57, 1, 4),
(909, 12, 'Penyediaan komponen instalasi listrik/penerangan bangunan kantor', 2017, 2, 20000000, 2, 1, 0, 20000000, 0, 1, 57, 1, 4),
(910, 14, 'Penyediaan peralatan rumah tangga', 2017, 2, 1750000, 2, 1, 0, 5000000, 0, 1, 57, 1, 4),
(911, 15, 'Penyediaan bahan bacaan dan peraturan perundang-undangan', 2017, 2, 136320000, 2, 1, 0, 136320000, 0, 1, 57, 1, 4),
(912, 18, 'Rapat-rapat koordinasi dan konsultasi ke luar daerah', 2017, 2, 1907115000, 2, 1, 0, 1907115000, 0, 1, 57, 1, 4),
(913, 19, 'Penyediaan Jasa Tenaga Administrasi dan Tenaga Teknis Lainnya', 2017, 2, 645600000, 1, 1, 645600000, 216000000, 0, 1, 57, 1, 4),
(914, 20, 'Rapat-Rapat Koordinasi Dalam Daerah', 2017, 2, 991775000, 2, 1, 0, 991775000, 0, 1, 57, 1, 4),
(915, 7, 'Pengadaan perlengkapan gedung kantor', 2017, 2, 1900000, 1, 1, 2800000, 0, 121686600, 2, 57, 1, 4),
(916, 9, 'Pengadaan peralatan gedung kantor', 2017, 2, 95400000, 3, 1, 0, 0, 889000000, 2, 57, 1, 4),
(917, 22, 'Pemeliharaan rutin/berkala gedung kantor', 2017, 2, 14500000, 1, 1, 22600000, 7127400000, 0, 2, 57, 1, 4),
(918, 23, 'Pemeliharaan rutin/berkala mobil jabatan', 2017, 2, 62921000, 2, 1, 0, 209075000, 0, 2, 57, 1, 4),
(919, 24, 'Pemeliharaan rutin/berkala kendaraan dinas/operasional', 2017, 2, 358820000, 2, 1, 0, 1413393000, 0, 2, 57, 1, 4),
(920, 26, 'Pemeliharaan rutin/berkala perlengkapan gedung kantor', 2017, 2, 53240000, 2, 1, 0, 53240000, 0, 2, 57, 1, 4),
(921, 28, 'Pemeliharaan rutin/berkala peralatan gedung kantor', 2017, 2, 31626400, 2, 1, 0, 107784000, 0, 2, 57, 1, 4),
(922, 29, 'Pemeliharaan rutin/berkala mebeleur', 2017, 2, 10000000, 2, 1, 0, 10000000, 0, 2, 57, 1, 4),
(923, 2, 'Pengadaan pakaian dinas beserta perlengkapannya', 2017, 2, 1900000, 1, 1, 2800000, 182347000, 0, 3, 57, 1, 4),
(924, 1, 'Pendidikan dan pelatihan formal', 2017, 2, 292495000, 2, 1, 0, 486095000, 0, 5, 57, 1, 4),
(925, 1, 'Pembahasan rancangan peraturan daerah', 2017, 2, 50000000, 2, 1, 0, 306775000, 0, 15, 57, 1, 4),
(926, 2, 'Hearing/dialog dan koordinasi dengan pejabat pemerintah daerah dan tokoh masyarakat/tokoh agama', 2017, 2, 202950000, 2, 1, 0, 202950000, 0, 15, 57, 1, 4),
(927, 3, 'Rapat-rapat alat kelengkapan dewan', 2017, 2, 914000000, 2, 1, 0, 914000000, 0, 15, 57, 1, 4),
(928, 4, 'Rapat-rapat paripurna', 2017, 2, 138624000, 1, 1, 138624000, 871108000, 0, 15, 57, 1, 4),
(929, 5, 'Kegiatan Reses', 2017, 2, 94500000, 2, 1, 0, 3999774000, 0, 15, 57, 1, 4),
(930, 6, 'Kunjungan kerja pimpinan dan anggota DPRD dalam daerah', 2017, 2, 238550000, 2, 1, 0, 238550000, 0, 15, 57, 1, 4),
(931, 7, 'Peningkatan kapasitas pimpinan dan anggota DPRD', 2017, 2, 9911852960, 2, 1, 0, 10769852960, 0, 15, 57, 1, 4),
(932, 8, 'Sosialisasi peraturan perundang-undangan', 2017, 2, 40000000, 2, 1, 0, 122726000, 0, 15, 57, 1, 4),
(933, 1, 'Penyediaan jasa surat menyurat', 2017, 2, 2550000, 2, 1, 0, 2550000, 0, 1, 58, 1, 4),
(934, 2, 'Penyediaan jasa komunikasi, sumber daya air dan listrik', 2017, 2, 14400000, 2, 1, 0, 17675000, 0, 1, 58, 1, 4),
(935, 8, 'Penyediaan jasa kebersihan kantor', 2017, 2, 3549500, 2, 1, 0, 3549500, 0, 1, 58, 1, 4),
(936, 10, 'Penyediaan alat tulis kantor', 2017, 2, 27484000, 2, 1, 0, 27484000, 0, 1, 58, 1, 4),
(937, 11, 'Penyediaan barang cetakan dan penggandaan', 2017, 2, 2278500, 2, 1, 0, 25378500, 0, 1, 58, 1, 4),
(938, 12, 'Penyediaan komponen instalasi listrik/penerangan bangunan kantor', 2017, 2, 1037400, 2, 1, 0, 1037400, 0, 1, 58, 1, 4),
(939, 15, 'Penyediaan bahan bacaan dan peraturan perundang-undangan', 2017, 2, 2520000, 2, 1, 0, 2520000, 0, 1, 58, 1, 4),
(940, 17, 'Penyediaan makanan dan minuman', 2017, 2, 8928000, 2, 1, 0, 24428000, 0, 1, 58, 1, 4),
(941, 18, 'Rapat-rapat koordinasi dan konsultasi ke luar daerah', 2017, 2, 247005000, 2, 1, 0, 247005000, 0, 1, 58, 1, 4),
(942, 19, 'Penyediaan Jasa Tenaga Administrasi dan Tenaga Teknis Lainnya', 2017, 2, 30960000, 1, 1, 30960000, 0, 0, 1, 58, 1, 4),
(943, 20, 'Rapat-Rapat Koordinasi Dalam Daerah', 2017, 2, 88900000, 2, 1, 0, 88900000, 0, 1, 58, 1, 4),
(944, 7, 'Pengadaan perlengkapan gedung kantor', 2017, 2, 14520000, 3, 1, 0, 0, 14520000, 2, 58, 1, 4),
(945, 9, 'Pengadaan peralatan gedung kantor', 2017, 2, 3700000, 3, 1, 0, 0, 34200000, 2, 58, 1, 4),
(946, 22, 'Pemeliharaan rutin/berkala gedung kantor', 2017, 2, 6429000, 2, 1, 0, 6429000, 0, 2, 58, 1, 4),
(947, 24, 'Pemeliharaan rutin/berkala kendaraan dinas/operasional', 2017, 2, 5700000, 2, 1, 0, 113113050, 0, 2, 58, 1, 4),
(948, 28, 'Pemeliharaan rutin/berkala peralatan gedung kantor', 2017, 2, 5400000, 2, 1, 0, 5400000, 0, 2, 58, 1, 4),
(949, 2, 'Pengadaan pakaian dinas beserta perlengkapannya', 2017, 2, 1890000, 2, 1, 0, 16941500, 0, 3, 58, 1, 4),
(950, 10, 'Penyelenggaraan pameran investasi', 2017, 2, 0, 2, 1, 0, 0, 0, 15, 59, 12, 2),
(951, 2, 'Sosialisasi kebijakan Pemerintah dalam penyelesaian perbatasan antar negara', 2017, 2, 6146000, 2, 1, 0, 249307000, 0, 17, 60, 3, 4),
(952, 5, 'Monitoring, evaluasi dan pelaporan', 2017, 2, 49700000, 2, 1, 0, 49700000, 0, 17, 60, 3, 4),
(953, 1, 'Penyediaan jasa surat menyurat', 2017, 2, 4500000, 2, 1, 0, 4500000, 0, 1, 61, 1, 4),
(954, 2, 'Penyediaan jasa komunikasi, sumber daya air dan listrik', 2017, 2, 30960000, 2, 1, 0, 30960000, 0, 1, 61, 1, 4),
(955, 8, 'Penyediaan jasa kebersihan kantor', 2017, 2, 1660000, 2, 1, 0, 1660000, 0, 1, 61, 1, 4),
(956, 10, 'Penyediaan alat tulis kantor', 2017, 2, 25226000, 2, 1, 0, 25226000, 0, 1, 61, 1, 4),
(957, 11, 'Penyediaan barang cetakan dan penggandaan', 2017, 2, 2203000, 2, 1, 0, 8071300, 0, 1, 61, 1, 4),
(958, 12, 'Penyediaan komponen instalasi listrik/penerangan bangunan kantor', 2017, 2, 1000000, 2, 1, 0, 1000000, 0, 1, 61, 1, 4),
(959, 15, 'Penyediaan bahan bacaan dan peraturan perundang-undangan', 2017, 2, 1200000, 2, 1, 0, 1200000, 0, 1, 61, 1, 4),
(960, 17, 'Penyediaan makanan dan minuman', 2017, 2, 7287500, 2, 1, 0, 9075000, 0, 1, 61, 1, 4),
(961, 18, 'Rapat-rapat koordinasi dan konsultasi ke luar daerah', 2017, 2, 422700000, 2, 1, 0, 422700000, 0, 1, 61, 1, 4),
(962, 19, 'Penyediaan Jasa Tenaga Administrasi dan Tenaga Teknis Lainnya', 2017, 2, 532620000, 1, 1, 532620000, 0, 0, 1, 61, 1, 4),
(963, 20, 'Rapat-Rapat Koordinasi Dalam Daerah', 2017, 2, 34990000, 2, 1, 0, 34990000, 0, 1, 61, 1, 4),
(964, 9, 'Pengadaan peralatan gedung kantor', 2017, 2, 9158000, 3, 1, 0, 0, 11083000, 2, 61, 1, 4),
(965, 10, 'Pengadaan mebeleur', 2017, 2, 6600000, 3, 1, 0, 0, 8000000, 2, 61, 1, 4),
(966, 22, 'Pemeliharaan rutin/berkala gedung kantor', 2017, 2, 5000000, 2, 1, 0, 5000000, 0, 2, 61, 1, 4),
(967, 24, 'Pemeliharaan rutin/berkala kendaraan dinas/operasional', 2017, 2, 11600000, 2, 1, 0, 271725700, 0, 2, 61, 1, 4),
(968, 28, 'Pemeliharaan rutin/berkala peralatan gedung kantor', 2017, 2, 5250000, 2, 1, 0, 5250000, 0, 2, 61, 1, 4),
(969, 2, 'Pengadaan pakaian dinas beserta perlengkapannya', 2017, 2, 15500000, 2, 1, 0, 20375000, 0, 3, 61, 1, 4),
(970, 1, 'Pendidikan dan pelatihan formal', 2017, 2, 5200000, 2, 1, 0, 5200000, 0, 5, 61, 1, 4),
(971, 3, 'Bimbingan teknis implementasi peraturan perundang-undangan', 2017, 2, 34920000, 2, 1, 0, 34920000, 0, 5, 61, 1, 4),
(972, 1, 'Rapat Koordinasi Penanggulangan Bencana Tingkat Kabupaten Kupang', 2017, 2, 4300000, 1, 1, 4300000, 58611900, 0, 28, 62, 5, 1),
(973, 2, 'Sosialisasi Tentang Kebencanaan', 2017, 2, 3237650, 2, 1, 0, 96193000, 0, 28, 62, 5, 1),
(974, 3, 'Pembentukan Posko Bencana', 2017, 2, 3251500, 2, 1, 0, 111406500, 0, 28, 62, 5, 1),
(975, 4, 'Penyelenggaraan Penanggulangan Bencana Rencana Aksi Daerah', 2017, 2, 100000000, 2, 1, 0, 100000000, 0, 28, 62, 5, 1),
(976, 1, 'Fasilitasi Pendampingan Penyaluran Bantuan Logistik dan Air Bersih pada Keadaan Tanggap Darurat', 2017, 2, 5330000, 1, 1, 7130000, 685922400, 0, 30, 62, 5, 1),
(977, 2, 'Pelatihan Dasar Kebencanaan Bagi Aparatur dan Masyarakat', 2017, 2, 2450000, 1, 1, 2450000, 39378000, 0, 30, 62, 5, 1),
(978, 3, 'Pemantauan dan Penyebarluasan Informasi Potensi Bencana Alam', 2017, 2, 817000, 2, 1, 0, 89352000, 0, 30, 62, 5, 1),
(979, 4, 'Penanganan dan Pengkajian Kerusakan Akibat Bencana Saat Tanggap Darurat', 2017, 2, 9825000, 1, 1, 30725000, 988756000, 0, 30, 62, 5, 1),
(980, 5, 'Monitoring Evaluasi dan Pelaporan', 2017, 2, 57580000, 2, 1, 0, 57580000, 0, 30, 62, 5, 1),
(981, 1, 'Penyediaan jasa surat menyurat', 2017, 2, 1710000, 2, 1, 0, 1710000, 0, 1, 63, 1, 4),
(982, 2, 'Penyediaan jasa komunikasi, sumber daya air dan listrik', 2017, 2, 3600000, 2, 1, 0, 6096000, 0, 1, 63, 1, 4),
(983, 8, 'Penyediaan jasa kebersihan kantor', 2017, 2, 772000, 2, 1, 0, 772000, 0, 1, 63, 1, 4),
(984, 10, 'Penyediaan alat tulis kantor', 2017, 2, 11475200, 2, 1, 0, 11475200, 0, 1, 63, 1, 4),
(985, 11, 'Penyediaan barang cetakan dan penggandaan', 2017, 2, 3127300, 2, 1, 0, 4564750, 0, 1, 63, 1, 4),
(986, 12, 'Penyediaan komponen instalasi listrik/penerangan bangunan kantor', 2017, 2, 1000000, 2, 1, 0, 2680000, 0, 1, 63, 1, 4),
(987, 17, 'Penyediaan makanan dan minuman', 2017, 2, 12780000, 2, 1, 0, 12780000, 0, 1, 63, 1, 4),
(988, 19, 'Penyediaan Jasa Tenaga Administrasi dan Tenaga Teknis Lainnya', 2017, 2, 18120000, 1, 1, 18120000, 150000, 0, 1, 63, 1, 4),
(989, 20, 'Rapat-Rapat Koordinasi Dalam Daerah', 2017, 2, 140915000, 2, 1, 0, 140915000, 0, 1, 63, 1, 4),
(990, 21, 'Pemeliharaan rutin/berkala rumah dinas', 2017, 2, 758500, 2, 1, 0, 1108500, 0, 2, 63, 1, 4),
(991, 22, 'Pemeliharaan rutin/berkala gedung kantor', 2017, 2, 1163000, 2, 1, 0, 1663000, 0, 2, 63, 1, 4),
(992, 24, 'Pemeliharaan rutin/berkala kendaraan dinas/operasional', 2017, 2, 4300000, 2, 1, 0, 19205000, 0, 2, 63, 1, 4),
(993, 26, 'Pemeliharaan rutin/berkala perlengkapan gedung kantor', 2017, 2, 2415000, 2, 1, 0, 2415000, 0, 2, 63, 1, 4),
(994, 28, 'Pemeliharaan rutin/berkala peralatan gedung kantor', 2017, 2, 2000000, 2, 1, 0, 2000000, 0, 2, 63, 1, 4),
(995, 2, 'Pengadaan pakaian dinas beserta perlengkapannya', 2017, 2, 1600000, 2, 1, 0, 8800000, 0, 3, 63, 1, 4),
(996, 3, 'Bimbingan teknis implementasi peraturan perundang-undangan', 2017, 2, 9007000, 2, 1, 0, 14007000, 0, 5, 63, 1, 4),
(997, 2, 'Pendidikan dan Pelatihan Dasar Kepemimpinan', 2017, 2, 6000000, 2, 1, 0, 8800000, 0, 16, 63, 1, 4),
(998, 1, 'Penyediaan jasa surat menyurat', 2017, 2, 1200000, 2, 1, 0, 1200000, 0, 1, 64, 1, 4),
(999, 2, 'Penyediaan jasa komunikasi, sumber daya air dan listrik', 2017, 2, 5400000, 2, 1, 0, 5400000, 0, 1, 64, 1, 4),
(1000, 8, 'Penyediaan jasa kebersihan kantor', 2017, 2, 2287500, 2, 1, 0, 2287500, 0, 1, 64, 1, 4),
(1001, 10, 'Penyediaan alat tulis kantor', 2017, 2, 10277000, 2, 1, 0, 10277000, 0, 1, 64, 1, 4),
(1002, 11, 'Penyediaan barang cetakan dan penggandaan', 2017, 2, 597000, 2, 1, 0, 2872000, 0, 1, 64, 1, 4),
(1003, 12, 'Penyediaan komponen instalasi listrik/penerangan bangunan kantor', 2017, 2, 3547500, 2, 1, 0, 3547500, 0, 1, 64, 1, 4),
(1004, 17, 'Penyediaan makanan dan minuman', 2017, 2, 16460000, 2, 1, 0, 16460000, 0, 1, 64, 1, 4),
(1005, 20, 'Rapat-Rapat Koordinasi Dalam Daerah', 2017, 2, 110420000, 2, 1, 0, 110420000, 0, 1, 64, 1, 4),
(1006, 21, 'Pemeliharaan rutin/berkala rumah dinas', 2017, 2, 3989500, 2, 1, 0, 4989500, 0, 2, 64, 1, 4),
(1007, 22, 'Pemeliharaan rutin/berkala gedung kantor', 2017, 2, 4359000, 2, 1, 0, 4359000, 0, 2, 64, 1, 4),
(1008, 24, 'Pemeliharaan rutin/berkala kendaraan dinas/operasional', 2017, 2, 4200000, 2, 1, 0, 29882500, 0, 2, 64, 1, 4),
(1009, 26, 'Pemeliharaan rutin/berkala perlengkapan gedung kantor', 2017, 2, 1750000, 2, 1, 0, 1750000, 0, 2, 64, 1, 4),
(1010, 28, 'Pemeliharaan rutin/berkala peralatan gedung kantor', 2017, 2, 2000000, 2, 1, 0, 2000000, 0, 2, 64, 1, 4),
(1011, 2, 'Pengadaan pakaian dinas beserta perlengkapannya', 2017, 2, 1500000, 2, 1, 0, 8390000, 0, 3, 64, 1, 4),
(1012, 3, 'Bimbingan teknis implementasi peraturan perundang-undangan', 2017, 2, 8865000, 2, 1, 0, 13865000, 0, 5, 64, 1, 4),
(1013, 2, 'Pendidikan dan pelatihan dasar kepemimpinan', 2017, 2, 630000, 2, 1, 0, 40000000, 0, 16, 65, 13, 2),
(1014, 1, 'Penyediaan jasa surat menyurat', 2017, 2, 1650000, 2, 1, 0, 1650000, 0, 1, 66, 1, 4),
(1015, 2, 'Penyediaan jasa komunikasi, sumber daya air dan listrik', 2017, 2, 9000000, 2, 1, 0, 9000000, 0, 1, 66, 1, 4),
(1016, 8, 'Penyediaan jasa kebersihan kantor', 2017, 2, 4340000, 2, 1, 0, 4340000, 0, 1, 66, 1, 4),
(1017, 10, 'Penyediaan alat tulis kantor', 2017, 2, 28124000, 2, 1, 0, 28124000, 0, 1, 66, 1, 4),
(1018, 11, 'Penyediaan barang cetakan dan penggandaan', 2017, 2, 12580000, 2, 1, 0, 24697200, 0, 1, 66, 1, 4),
(1019, 12, 'Penyediaan komponen instalasi listrik/penerangan bangunan kantor', 2017, 2, 4817800, 2, 1, 0, 4817800, 0, 1, 66, 1, 4),
(1020, 17, 'Penyediaan makanan dan minuman', 2017, 2, 35460000, 2, 1, 0, 35460000, 0, 1, 66, 1, 4),
(1021, 20, 'Rapat-Rapat Koordinasi Dalam Daerah', 2017, 2, 158175000, 2, 1, 0, 158175000, 0, 1, 66, 1, 4),
(1022, 9, 'Pengadaan peralatan gedung kantor', 2017, 2, 10250000, 3, 1, 0, 0, 10250000, 2, 66, 1, 4),
(1023, 22, 'Pemeliharaan rutin/berkala gedung kantor', 2017, 2, 2700000, 2, 1, 0, 2700000, 0, 2, 66, 1, 4),
(1024, 24, 'Pemeliharaan rutin/berkala kendaraan dinas/operasional', 2017, 2, 3500000, 2, 1, 0, 34650000, 0, 2, 66, 1, 4),
(1025, 28, 'Pemeliharaan rutin/berkala peralatan gedung kantor', 2017, 2, 9900000, 2, 1, 0, 9900000, 0, 2, 66, 1, 4),
(1026, 2, 'Pengadaan pakaian dinas beserta perlengkapannya', 2017, 2, 1350000, 2, 1, 0, 16290000, 0, 3, 66, 1, 4),
(1027, 3, 'Bimbingan teknis implementasi peraturan perundang-undangan', 2017, 2, 8861000, 2, 1, 0, 13861000, 0, 5, 66, 1, 4),
(1028, 2, 'Pendidikan dan pelatihan dasar kepemimpinan', 2017, 2, 9100000, 2, 1, 0, 34345000, 0, 16, 67, 13, 2),
(1029, 1, 'Penyediaan jasa surat menyurat', 2017, 2, 966000, 2, 1, 0, 966000, 0, 1, 68, 1, 4),
(1030, 2, 'Penyediaan jasa komunikasi, sumber daya air dan listrik', 2017, 2, 2400000, 2, 1, 0, 5400000, 0, 1, 68, 1, 4),
(1031, 8, 'Penyediaan jasa kebersihan kantor', 2017, 2, 422000, 2, 1, 0, 422000, 0, 1, 68, 1, 4),
(1032, 10, 'Penyediaan alat tulis kantor', 2017, 2, 8453500, 2, 1, 0, 8453500, 0, 1, 68, 1, 4),
(1033, 11, 'Penyediaan barang cetakan dan penggandaan', 2017, 2, 980000, 2, 1, 0, 4767000, 0, 1, 68, 1, 4),
(1034, 12, 'Penyediaan komponen instalasi listrik/penerangan bangunan kantor', 2017, 2, 340000, 2, 1, 0, 340000, 0, 1, 68, 1, 4),
(1035, 17, 'Penyediaan makanan dan minuman', 2017, 2, 20070000, 2, 1, 0, 20070000, 0, 1, 68, 1, 4),
(1036, 19, 'Penyediaan Jasa Tenaga Administrasi dan Tenaga Teknis Lainnya', 2017, 2, 38040000, 1, 1, 38040000, 200000, 0, 1, 68, 1, 4),
(1037, 20, 'Rapat-Rapat Koordinasi Dalam Daerah', 2017, 2, 44650000, 2, 1, 0, 44650000, 0, 1, 68, 1, 4),
(1038, 9, 'Pengadaan peralatan gedung kantor', 2017, 2, 2200000, 3, 1, 0, 0, 10136000, 2, 68, 1, 4),
(1039, 21, 'Pemeliharaan rutin/berkala rumah dinas', 2017, 2, 304000, 2, 1, 0, 304000, 0, 2, 68, 1, 4),
(1040, 22, 'Pemeliharaan rutin/berkala gedung kantor', 2017, 2, 249000, 2, 1, 0, 499000, 0, 2, 68, 1, 4),
(1041, 24, 'Pemeliharaan rutin/berkala kendaraan dinas/operasional', 2017, 2, 1100000, 2, 1, 0, 15948500, 0, 2, 68, 1, 4),
(1042, 28, 'Pemeliharaan rutin/berkala peralatan gedung kantor', 2017, 2, 2600000, 2, 1, 0, 2600000, 0, 2, 68, 1, 4),
(1043, 2, 'Pengadaan pakaian dinas beserta perlengkapannya', 2017, 2, 17373000, 2, 1, 0, 17373000, 0, 3, 68, 1, 4),
(1044, 3, 'Bimbingan teknis implementasi peraturan perundang-undangan', 2017, 2, 9007000, 2, 1, 0, 14007000, 0, 5, 68, 1, 4),
(1045, 2, 'Pendidikan dan pelatihan dasar kepemimpinan', 2017, 2, 2550000, 2, 1, 0, 27784000, 0, 16, 68, 1, 4),
(1046, 1, 'Penyediaan jasa surat menyurat', 2017, 2, 1950000, 2, 1, 0, 1950000, 0, 1, 69, 1, 4),
(1047, 2, 'Penyediaan jasa komunikasi, sumber daya air dan listrik', 2017, 2, 1680000, 2, 1, 0, 7980000, 0, 1, 69, 1, 4),
(1048, 8, 'Penyediaan jasa kebersihan kantor', 2017, 2, 3979000, 2, 1, 0, 3979000, 0, 1, 69, 1, 4),
(1049, 10, 'Penyediaan alat tulis kantor', 2017, 2, 19313900, 2, 1, 0, 19313900, 0, 1, 69, 1, 4),
(1050, 11, 'Penyediaan barang cetakan dan penggandaan', 2017, 2, 6650000, 2, 1, 0, 15424400, 0, 1, 69, 1, 4),
(1051, 12, 'Penyediaan komponen instalasi listrik/penerangan bangunan kantor', 2017, 2, 2891900, 2, 1, 0, 2891900, 0, 1, 69, 1, 4),
(1052, 17, 'Penyediaan makanan dan minuman', 2017, 2, 29130000, 2, 1, 0, 29130000, 0, 1, 69, 1, 4),
(1053, 20, 'Rapat-Rapat Koordinasi Dalam Daerah', 2017, 2, 99100000, 2, 1, 0, 99100000, 0, 1, 69, 1, 4),
(1054, 22, 'Pemeliharaan rutin/berkala gedung kantor', 2017, 2, 1549800, 2, 1, 0, 1849800, 0, 2, 69, 1, 4),
(1055, 24, 'Pemeliharaan rutin/berkala kendaraan dinas/operasional', 2017, 2, 6500000, 2, 1, 0, 26388000, 0, 2, 69, 1, 4),
(1056, 28, 'Pemeliharaan rutin/berkala peralatan gedung kantor', 2017, 2, 2800000, 2, 1, 0, 2800000, 0, 2, 69, 1, 4),
(1057, 2, 'Pengadaan pakaian dinas beserta perlengkapannya', 2017, 2, 1500000, 2, 1, 0, 21640000, 0, 3, 69, 1, 4),
(1058, 3, 'Bimbingan teknis implementasi peraturan perundang-undangan', 2017, 2, 8721000, 2, 1, 0, 13721000, 0, 5, 69, 1, 4),
(1059, 2, 'Pendidikan dan pelatihan dasar kepemimpinan', 2017, 2, 25292000, 2, 1, 0, 39992000, 0, 16, 69, 1, 4),
(1060, 1, 'Penyediaan jasa surat menyurat', 2017, 2, 900000, 2, 1, 0, 900000, 0, 1, 70, 1, 4),
(1061, 2, 'Penyediaan jasa komunikasi, sumber daya air dan listrik', 2017, 2, 1200000, 2, 1, 0, 4800000, 0, 1, 70, 1, 4),
(1062, 8, 'Penyediaan jasa kebersihan kantor', 2017, 2, 3317000, 2, 1, 0, 3317000, 0, 1, 70, 1, 4),
(1063, 10, 'Penyediaan alat tulis kantor', 2017, 2, 13690000, 2, 1, 0, 13690000, 0, 1, 70, 1, 4),
(1064, 11, 'Penyediaan barang cetakan dan penggandaan', 2017, 2, 860000, 2, 1, 0, 4059500, 0, 1, 70, 1, 4),
(1065, 12, 'Penyediaan komponen instalasi listrik/penerangan bangunan kantor', 2017, 2, 2370000, 2, 1, 0, 2370000, 0, 1, 70, 1, 4),
(1066, 17, 'Penyediaan makanan dan minuman', 2017, 2, 12800000, 2, 1, 0, 12800000, 0, 1, 70, 1, 4),
(1067, 20, 'Rapat-Rapat Koordinasi Dalam Daerah', 2017, 2, 46050000, 2, 1, 0, 46050000, 0, 1, 70, 1, 4),
(1068, 21, 'Pemeliharaan rutin/berkala rumah dinas', 2017, 2, 4000000, 2, 1, 0, 4250000, 0, 2, 70, 1, 4),
(1069, 22, 'Pemeliharaan rutin/berkala gedung kantor', 2017, 2, 2566000, 2, 1, 0, 2566000, 0, 2, 70, 1, 4),
(1070, 24, 'Pemeliharaan rutin/berkala kendaraan dinas/operasional', 2017, 2, 6800000, 2, 1, 0, 29000500, 0, 2, 70, 1, 4),
(1071, 28, 'Pemeliharaan rutin/berkala peralatan gedung kantor', 2017, 2, 3800000, 2, 1, 0, 3800000, 0, 2, 70, 1, 4),
(1072, 2, 'Pengadaan pakaian dinas beserta perlengkapannya', 2017, 2, 900000, 2, 1, 0, 14500000, 0, 3, 70, 1, 4),
(1073, 3, 'Bimbingan teknis implementasi peraturan perundang-undangan', 2017, 2, 8865000, 2, 1, 0, 13865000, 0, 5, 70, 1, 4),
(1074, 2, 'Pendidikan dan pelatihan dasar kepemimpinan', 2017, 2, 25292000, 2, 1, 0, 39992000, 0, 16, 71, 13, 2),
(1075, 1, 'Penyediaan jasa surat menyurat', 2017, 2, 1200000, 2, 1, 0, 2100000, 0, 1, 72, 1, 4),
(1076, 2, 'Penyediaan jasa komunikasi, sumber daya air dan listrik', 2017, 2, 4650000, 2, 1, 0, 10650000, 0, 1, 72, 1, 4),
(1077, 8, 'Penyediaan jasa kebersihan kantor', 2017, 2, 2707600, 2, 1, 0, 2707600, 0, 1, 72, 1, 4),
(1078, 10, 'Penyediaan alat tulis kantor', 2017, 2, 18250800, 2, 1, 0, 18250800, 0, 1, 72, 1, 4),
(1079, 11, 'Penyediaan barang cetakan dan penggandaan', 2017, 2, 2505000, 2, 1, 0, 6909000, 0, 1, 72, 1, 4),
(1080, 12, 'Penyediaan komponen instalasi listrik/penerangan bangunan kantor', 2017, 2, 6349400, 2, 1, 0, 6349400, 0, 1, 72, 1, 4),
(1081, 15, 'Penyediaan bahan bacaan dan peraturan perundang-undangan', 2017, 2, 1152000, 2, 1, 0, 1152000, 0, 1, 72, 1, 4),
(1082, 17, 'Penyediaan makanan dan minuman', 2017, 2, 33077000, 2, 1, 0, 33077000, 0, 1, 72, 1, 4),
(1083, 20, 'Rapat-Rapat Koordinasi Dalam Daerah', 2017, 2, 99600000, 2, 1, 0, 99600000, 0, 1, 72, 1, 4),
(1084, 21, 'Pemeliharaan rutin/berkala rumah dinas', 2017, 2, 2716200, 2, 1, 0, 3116200, 0, 2, 72, 1, 4),
(1085, 22, 'Pemeliharaan rutin/berkala gedung kantor', 2017, 2, 2649000, 2, 1, 0, 2849000, 0, 2, 72, 1, 4),
(1086, 24, 'Pemeliharaan rutin/berkala kendaraan dinas/operasional', 2017, 2, 2500000, 2, 1, 0, 46438000, 0, 2, 72, 1, 4),
(1087, 28, 'Pemeliharaan rutin/berkala peralatan gedung kantor', 2017, 2, 2700000, 2, 1, 0, 2700000, 0, 2, 72, 1, 4),
(1088, 1, 'Pengadaan mesin/kartu absensi', 2017, 2, 2250000, 3, 1, 0, 0, 2250000, 3, 72, 1, 4),
(1089, 2, 'Pengadaan pakaian dinas beserta perlengkapannya', 2017, 2, 1575000, 2, 1, 0, 13950000, 0, 3, 72, 1, 4),
(1090, 3, 'Bimbingan teknis implementasi peraturan perundang-undangan', 2017, 2, 9011000, 2, 1, 0, 14011000, 0, 5, 72, 1, 4),
(1091, 2, 'Pendidikan dan pelatihan dasar kepemimpinan', 2017, 2, 2880000, 2, 1, 0, 40000000, 0, 16, 73, 13, 2),
(1092, 1, 'Penyediaan jasa surat menyurat', 2017, 2, 1440000, 2, 1, 0, 1440000, 0, 1, 74, 1, 4),
(1093, 2, 'Penyediaan jasa komunikasi, sumber daya air dan listrik', 2017, 2, 1800000, 2, 1, 0, 5424000, 0, 1, 74, 1, 4),
(1094, 8, 'Penyediaan jasa kebersihan kantor', 2017, 2, 1717000, 2, 1, 0, 1717000, 0, 1, 74, 1, 4),
(1095, 10, 'Penyediaan alat tulis kantor', 2017, 2, 9407500, 2, 1, 0, 9407500, 0, 1, 74, 1, 4),
(1096, 11, 'Penyediaan barang cetakan dan penggandaan', 2017, 2, 1519000, 2, 1, 0, 4860100, 0, 1, 74, 1, 4),
(1097, 12, 'Penyediaan komponen instalasi listrik/penerangan bangunan kantor', 2017, 2, 1297700, 2, 1, 0, 1297700, 0, 1, 74, 1, 4),
(1098, 17, 'Penyediaan makanan dan minuman', 2017, 2, 17480000, 2, 1, 0, 17480000, 0, 1, 74, 1, 4),
(1099, 19, 'Penyediaan Jasa Tenaga Administrasi dan Tenaga Teknis Lainnya', 2017, 2, 32760000, 1, 1, 32760000, 0, 0, 1, 74, 1, 4),
(1100, 20, 'Rapat-Rapat Koordinasi Dalam Daerah', 2017, 2, 88275000, 2, 1, 0, 88275000, 0, 1, 74, 1, 4),
(1101, 9, 'Pengadaan peralatan gedung kantor', 2017, 2, 13500000, 3, 1, 0, 0, 24500000, 2, 74, 1, 4),
(1102, 10, 'Pengadaan mebeleur', 2017, 2, 5000000, 3, 1, 0, 0, 16800000, 2, 74, 1, 4),
(1103, 21, 'Pemeliharaan rutin/berkala rumah dinas', 2017, 2, 1067000, 2, 1, 0, 1567000, 0, 2, 74, 1, 4),
(1104, 22, 'Pemeliharaan rutin/berkala gedung kantor', 2017, 2, 3314000, 2, 1, 0, 3314000, 0, 2, 74, 1, 4),
(1105, 24, 'Pemeliharaan rutin/berkala kendaraan dinas/operasional', 2017, 2, 3450000, 2, 1, 0, 26223700, 0, 2, 74, 1, 4),
(1106, 28, 'Pemeliharaan rutin/berkala peralatan gedung kantor', 2017, 2, 2670000, 2, 1, 0, 2670000, 0, 2, 74, 1, 4),
(1107, 2, 'Pengadaan pakaian dinas beserta perlengkapannya', 2017, 2, 1478000, 2, 1, 0, 15503000, 0, 3, 74, 1, 4),
(1108, 3, 'Bimbingan teknis implementasi peraturan perundang-undangan', 2017, 2, 8807000, 2, 1, 0, 13807000, 0, 5, 74, 1, 4),
(1109, 2, 'Pendidikan dan pelatihan dasar kepemimpinan', 2017, 2, 25292000, 2, 1, 0, 39692000, 0, 16, 75, 13, 2),
(1110, 1, 'Penyediaan jasa surat menyurat', 2017, 2, 2565000, 2, 1, 0, 2565000, 0, 1, 76, 1, 4),
(1111, 2, 'Penyediaan jasa komunikasi, sumber daya air dan listrik', 2017, 2, 8400000, 2, 1, 0, 13320000, 0, 1, 76, 1, 4),
(1112, 8, 'Penyediaan jasa kebersihan kantor', 2017, 2, 3072700, 2, 1, 0, 3072700, 0, 1, 76, 1, 4),
(1113, 10, 'Penyediaan alat tulis kantor', 2017, 2, 26615700, 2, 1, 0, 26615700, 0, 1, 76, 1, 4),
(1114, 11, 'Penyediaan barang cetakan dan penggandaan', 2017, 2, 2666000, 2, 1, 0, 13507300, 0, 1, 76, 1, 4),
(1115, 12, 'Penyediaan komponen instalasi listrik/penerangan bangunan kantor', 2017, 2, 4844000, 2, 1, 0, 4844000, 0, 1, 76, 1, 4),
(1116, 15, 'Penyediaan bahan bacaan dan peraturan perundang-undangan', 2017, 2, 1440000, 2, 1, 0, 1440000, 0, 1, 76, 1, 4),
(1117, 17, 'Penyediaan makanan dan minuman', 2017, 2, 27354000, 2, 1, 0, 27354000, 0, 1, 76, 1, 4),
(1118, 19, 'Penyediaan Jasa Tenaga Administrasi dan Tenaga Teknis Lainnya', 2017, 2, 38040000, 1, 1, 38040000, 0, 0, 1, 76, 1, 4),
(1119, 20, 'Rapat-Rapat Koordinasi Dalam Daerah', 2017, 2, 113425000, 2, 1, 0, 113425000, 0, 1, 76, 1, 4),
(1120, 7, 'Pengadaan perlengkapan gedung kantor', 2017, 2, 6462000, 3, 1, 0, 0, 47762000, 2, 76, 1, 4),
(1121, 9, 'Pengadaan peralatan gedung kantor', 2017, 2, 2200000, 3, 1, 0, 0, 8250000, 2, 76, 1, 4),
(1122, 21, 'Pemeliharaan rutin/berkala rumah dinas', 2017, 2, 1114000, 2, 1, 0, 1414000, 0, 2, 76, 1, 4),
(1123, 22, 'Pemeliharaan rutin/berkala gedung kantor', 2017, 2, 1270000, 2, 1, 0, 5882000, 0, 2, 76, 1, 4),
(1124, 24, 'Pemeliharaan rutin/berkala kendaraan dinas/operasional', 2017, 2, 2025000, 2, 1, 0, 33116300, 0, 2, 76, 1, 4),
(1125, 28, 'Pemeliharaan rutin/berkala peralatan gedung kantor', 2017, 2, 1350000, 2, 1, 0, 11710000, 0, 2, 76, 1, 4),
(1126, 2, 'Pengadaan pakaian dinas beserta perlengkapannya', 2017, 2, 1749000, 2, 1, 0, 16824000, 0, 3, 76, 1, 4),
(1127, 3, 'Bimbingan teknis implementasi peraturan perundang-undangan', 2017, 2, 9007000, 2, 1, 0, 14007000, 0, 5, 76, 1, 4),
(1128, 2, 'Pendidikan Dan Pelatihan Dasar Kepemimpinan', 2017, 2, 3400000, 2, 1, 0, 38139000, 0, 16, 76, 1, 4),
(1129, 1, 'Penyediaan jasa surat menyurat', 2017, 2, 1107000, 2, 1, 0, 1107000, 0, 1, 77, 1, 4),
(1130, 2, 'Penyediaan jasa komunikasi, sumber daya air dan listrik', 2017, 2, 1800000, 2, 1, 0, 4200000, 0, 1, 77, 1, 4),
(1131, 8, 'Penyediaan jasa kebersihan kantor', 2017, 2, 550000, 2, 1, 0, 550000, 0, 1, 77, 1, 4),
(1132, 10, 'Penyediaan alat tulis kantor', 2017, 2, 7258000, 2, 1, 0, 7258000, 0, 1, 77, 1, 4),
(1133, 11, 'Penyediaan barang cetakan dan penggandaan', 2017, 2, 491000, 2, 1, 0, 3191000, 0, 1, 77, 1, 4),
(1134, 12, 'Penyediaan komponen instalasi listrik/penerangan bangunan kantor', 2017, 2, 1338000, 2, 1, 0, 1338000, 0, 1, 77, 1, 4),
(1135, 17, 'Penyediaan makanan dan minuman', 2017, 2, 16950000, 2, 1, 0, 16950000, 0, 1, 77, 1, 4),
(1136, 19, 'Penyediaan Jasa Tenaga Administrasi dan Tenaga Teknis Lainnya', 2017, 2, 18120000, 1, 1, 18120000, 0, 0, 1, 77, 1, 4),
(1137, 20, 'Rapat-Rapat Koordinasi Dalam Daerah', 2017, 2, 64750000, 2, 1, 0, 64750000, 0, 1, 77, 1, 4),
(1138, 9, 'Pengadaan peralatan gedung kantor', 2017, 2, 4400000, 3, 1, 0, 0, 10040000, 2, 77, 1, 4),
(1139, 21, 'Pemeliharaan rutin/berkala rumah dinas', 2017, 2, 1407000, 2, 1, 0, 1807000, 0, 2, 77, 1, 4),
(1140, 22, 'Pemeliharaan rutin/berkala gedung kantor', 2017, 2, 1689000, 2, 1, 0, 1689000, 0, 2, 77, 1, 4),
(1141, 24, 'Pemeliharaan rutin/berkala kendaraan dinas/operasional', 2017, 2, 3000000, 2, 1, 0, 27525000, 0, 2, 77, 1, 4),
(1142, 28, 'Pemeliharaan rutin/berkala peralatan gedung kantor', 2017, 2, 3400000, 2, 1, 0, 3400000, 0, 2, 77, 1, 4),
(1143, 2, 'Pengadaan pakaian dinas beserta perlengkapannya', 2017, 2, 1590000, 2, 1, 0, 9250000, 0, 3, 77, 1, 4),
(1144, 3, 'Bimbingan teknis implementasi peraturan perundang-undangan', 2017, 2, 8565000, 2, 1, 0, 13565000, 0, 5, 77, 1, 4),
(1145, 2, 'Pendidikan dan pelatihan dasar kepemimpinan', 2017, 2, 590000, 2, 1, 0, 40000000, 0, 16, 78, 13, 2),
(1146, 1, 'Penyediaan jasa surat menyurat', 2017, 2, 3975000, 2, 1, 0, 3975000, 0, 1, 79, 1, 4),
(1147, 2, 'Penyediaan jasa komunikasi, sumber daya air dan listrik', 2017, 2, 5760000, 2, 1, 0, 20430000, 0, 1, 79, 1, 4),
(1148, 8, 'Penyediaan jasa kebersihan kantor', 2017, 2, 5954000, 2, 1, 0, 5954000, 0, 1, 79, 1, 4),
(1149, 10, 'Penyediaan alat tulis kantor', 2017, 2, 34521300, 2, 1, 0, 34521300, 0, 1, 79, 1, 4),
(1150, 11, 'Penyediaan barang cetakan dan penggandaan', 2017, 2, 2663000, 2, 1, 0, 15096200, 0, 1, 79, 1, 4),
(1151, 12, 'Penyediaan komponen instalasi listrik/penerangan bangunan kantor', 2017, 2, 8812250, 2, 1, 0, 8812250, 0, 1, 79, 1, 4),
(1152, 17, 'Penyediaan makanan dan minuman', 2017, 2, 55322000, 2, 1, 0, 55322000, 0, 1, 79, 1, 4),
(1153, 20, 'Rapat-Rapat Koordinasi Dalam Daerah', 2017, 2, 235975000, 2, 1, 0, 235975000, 0, 1, 79, 1, 4),
(1154, 7, 'Pengadaan perlengkapan gedung kantor', 2017, 2, 2500000, 3, 1, 0, 0, 35000000, 2, 79, 1, 4),
(1155, 9, 'Pengadaan peralatan gedung kantor', 2017, 2, 7500000, 3, 1, 0, 0, 35250000, 2, 79, 1, 4),
(1156, 10, 'Pengadaan mebeleur', 2017, 2, 17000000, 3, 1, 0, 0, 47200000, 2, 79, 1, 4),
(1157, 21, 'Pemeliharaan rutin/berkala rumah dinas', 2017, 2, 1332750, 2, 1, 0, 1332750, 0, 2, 79, 1, 4),
(1158, 22, 'Pemeliharaan rutin/berkala gedung kantor', 2017, 2, 10590500, 2, 1, 0, 10590500, 0, 2, 79, 1, 4),
(1159, 24, 'Pemeliharaan rutin/berkala kendaraan dinas/operasional', 2017, 2, 6300000, 2, 1, 0, 59218000, 0, 2, 79, 1, 4),
(1160, 28, 'Pemeliharaan rutin/berkala peralatan gedung kantor', 2017, 2, 9910000, 2, 1, 0, 9910000, 0, 2, 79, 1, 4),
(1161, 2, 'Pengadaan pakaian dinas beserta perlengkapannya', 2017, 2, 1590000, 2, 1, 0, 26790000, 0, 3, 79, 1, 4),
(1162, 3, 'Bimbingan teknis implementasi peraturan perundang-undangan', 2017, 2, 8865000, 2, 1, 0, 13865000, 0, 5, 79, 1, 4),
(1163, 2, 'Pendidikan dan pelatihan dasar kepemimpinan', 2017, 2, 10268000, 2, 1, 0, 22318000, 0, 16, 80, 13, 2),
(1164, 1, 'Penyediaan jasa surat menyurat', 2017, 2, 966000, 2, 1, 0, 966000, 0, 1, 81, 1, 4),
(1165, 2, 'Penyediaan jasa komunikasi, sumber daya air dan listrik', 2017, 2, 2400000, 2, 1, 0, 5400000, 0, 1, 81, 1, 4),
(1166, 8, 'Penyediaan jasa kebersihan kantor', 2017, 2, 422000, 2, 1, 0, 422000, 0, 1, 81, 1, 4),
(1167, 10, 'Penyediaan alat tulis kantor', 2017, 2, 8453500, 2, 1, 0, 8453500, 0, 1, 81, 1, 4),
(1168, 11, 'Penyediaan barang cetakan dan penggandaan', 2017, 2, 980000, 2, 1, 0, 4767000, 0, 1, 81, 1, 4),
(1169, 12, 'Penyediaan komponen instalasi listrik/penerangan bangunan kantor', 2017, 2, 340000, 2, 1, 0, 340000, 0, 1, 81, 1, 4),
(1170, 17, 'Penyediaan makanan dan minuman', 2017, 2, 20070000, 2, 1, 0, 20070000, 0, 1, 81, 1, 4),
(1171, 19, 'Penyediaan Jasa Tenaga Administrasi dan Tenaga Teknis Lainnya', 2017, 2, 38040000, 1, 1, 38040000, 200000, 0, 1, 81, 1, 4),
(1172, 20, 'Rapat-Rapat Koordinasi Dalam Daerah', 2017, 2, 44650000, 2, 1, 0, 44650000, 0, 1, 81, 1, 4),
(1173, 9, 'Pengadaan peralatan gedung kantor', 2017, 2, 2200000, 3, 1, 0, 0, 10136000, 2, 81, 1, 4),
(1174, 21, 'Pemeliharaan rutin/berkala rumah dinas', 2017, 2, 304000, 2, 1, 0, 304000, 0, 2, 81, 1, 4),
(1175, 22, 'Pemeliharaan rutin/berkala gedung kantor', 2017, 2, 249000, 2, 1, 0, 499000, 0, 2, 81, 1, 4),
(1176, 24, 'Pemeliharaan rutin/berkala kendaraan dinas/operasional', 2017, 2, 1100000, 2, 1, 0, 14189000, 0, 2, 81, 1, 4),
(1177, 28, 'Pemeliharaan rutin/berkala peralatan gedung kantor', 2017, 2, 2600000, 2, 1, 0, 2600000, 0, 2, 81, 1, 4),
(1178, 2, 'Pengadaan pakaian dinas beserta perlengkapannya', 2017, 2, 17373000, 2, 1, 0, 17373000, 0, 3, 81, 1, 4),
(1179, 3, 'Bimbingan teknis implementasi peraturan perundang-undangan', 2017, 2, 9007000, 2, 1, 0, 14007000, 0, 5, 81, 1, 4),
(1180, 2, 'Pendidikan dan pelatihan dasar kepemimpinan', 2017, 2, 2550000, 2, 1, 0, 27784000, 0, 16, 82, 13, 2),
(1181, 1, 'Penyediaan jasa surat menyurat', 2017, 2, 450000, 2, 1, 0, 450000, 0, 1, 83, 1, 4),
(1182, 2, 'Penyediaan jasa komunikasi, sumber daya air dan listrik', 2017, 2, 4800000, 2, 1, 0, 7200000, 0, 1, 83, 1, 4),
(1183, 8, 'Penyediaan jasa kebersihan kantor', 2017, 2, 1379000, 2, 1, 0, 1379000, 0, 1, 83, 1, 4),
(1184, 10, 'Penyediaan alat tulis kantor', 2017, 2, 9268500, 2, 1, 0, 9268500, 0, 1, 83, 1, 4),
(1185, 11, 'Penyediaan barang cetakan dan penggandaan', 2017, 2, 727000, 2, 1, 0, 2477000, 0, 1, 83, 1, 4),
(1186, 12, 'Penyediaan komponen instalasi listrik/penerangan bangunan kantor', 2017, 2, 1292500, 2, 1, 0, 1292500, 0, 1, 83, 1, 4),
(1187, 17, 'Penyediaan makanan dan minuman', 2017, 2, 20746000, 2, 1, 0, 20746000, 0, 1, 83, 1, 4),
(1188, 20, 'Rapat-Rapat Koordinasi Dalam Daerah', 2017, 2, 70350000, 2, 1, 0, 70350000, 0, 1, 83, 1, 4),
(1189, 21, 'Pemeliharaan rutin/berkala rumah dinas', 2017, 2, 2376000, 2, 1, 0, 2856000, 0, 2, 83, 1, 4),
(1190, 22, 'Pemeliharaan rutin/berkala gedung kantor', 2017, 2, 3406000, 2, 1, 0, 3406000, 0, 2, 83, 1, 4),
(1191, 24, 'Pemeliharaan rutin/berkala kendaraan dinas/operasional', 2017, 2, 2010000, 2, 1, 0, 26326000, 0, 2, 83, 1, 4),
(1192, 28, 'Pemeliharaan rutin/berkala peralatan gedung kantor', 2017, 2, 1300000, 2, 1, 0, 1300000, 0, 2, 83, 1, 4),
(1193, 2, 'Pengadaan pakaian dinas beserta perlengkapannya', 2017, 2, 1590000, 2, 1, 0, 7404000, 0, 3, 83, 1, 4),
(1194, 3, 'Bimbingan teknis implementasi peraturan perundang-undangan', 2017, 2, 8865000, 2, 1, 0, 13865000, 0, 5, 83, 1, 4),
(1195, 2, 'Pendidikan dan pelatihan dasar kepemimpinan', 2017, 2, 17640000, 2, 1, 0, 35390000, 0, 16, 84, 13, 2),
(1196, 1, 'Penyediaan jasa surat menyurat', 2017, 2, 1800000, 2, 1, 0, 1800000, 0, 1, 85, 1, 4),
(1197, 2, 'Penyediaan jasa komunikasi, sumber daya air dan listrik', 2017, 2, 6600000, 2, 1, 0, 10800000, 0, 1, 85, 1, 4),
(1198, 8, 'Penyediaan jasa kebersihan kantor', 2017, 2, 2113900, 2, 1, 0, 2113900, 0, 1, 85, 1, 4),
(1199, 10, 'Penyediaan alat tulis kantor', 2017, 2, 23712000, 2, 1, 0, 23712000, 0, 1, 85, 1, 4),
(1200, 11, 'Penyediaan barang cetakan dan penggandaan', 2017, 2, 1088000, 2, 1, 0, 9837300, 0, 1, 85, 1, 4),
(1201, 12, 'Penyediaan komponen instalasi listrik/penerangan bangunan kantor', 2017, 2, 2900500, 2, 1, 0, 2900500, 0, 1, 85, 1, 4),
(1202, 17, 'Penyediaan makanan dan minuman', 2017, 2, 29359300, 2, 1, 0, 29359300, 0, 1, 85, 1, 4),
(1203, 20, 'Rapat-Rapat Koordinasi Dalam Daerah', 2017, 2, 123350000, 2, 1, 0, 123350000, 0, 1, 85, 1, 4),
(1204, 9, 'Pengadaan peralatan gedung kantor', 2017, 2, 11880000, 3, 1, 0, 0, 15180000, 2, 85, 1, 4),
(1205, 21, 'Pemeliharaan rutin/berkala rumah dinas', 2017, 2, 3259000, 2, 1, 0, 3759000, 0, 2, 85, 1, 4),
(1206, 22, 'Pemeliharaan rutin/berkala gedung kantor', 2017, 2, 4434000, 2, 1, 0, 4434000, 0, 2, 85, 1, 4),
(1207, 24, 'Pemeliharaan rutin/berkala kendaraan dinas/operasional', 2017, 2, 4500000, 2, 1, 0, 32766500, 0, 2, 85, 1, 4),
(1208, 28, 'Pemeliharaan rutin/berkala peralatan gedung kantor', 2017, 2, 805000, 2, 1, 0, 3355000, 0, 2, 85, 1, 4),
(1209, 2, 'Pengadaan pakaian dinas beserta perlengkapannya', 2017, 2, 1749000, 2, 1, 0, 12835500, 0, 3, 85, 1, 4),
(1210, 3, 'Bimbingan teknis implementasi peraturan perundang-undangan', 2017, 2, 9007000, 2, 1, 0, 14007000, 0, 5, 85, 1, 4),
(1211, 2, 'Pendidikan dan pelatihan dasar kepemimpinan', 2017, 2, 2900000, 2, 1, 0, 20000000, 0, 16, 86, 13, 2),
(1212, 1, 'Penyediaan jasa surat menyurat', 2017, 2, 2250000, 2, 1, 0, 2250000, 0, 1, 87, 1, 4),
(1213, 2, 'Penyediaan jasa komunikasi, sumber daya air dan listrik', 2017, 2, 960000, 2, 1, 0, 5310000, 0, 1, 87, 1, 4),
(1214, 8, 'Penyediaan jasa kebersihan kantor', 2017, 2, 2600000, 2, 1, 0, 2600000, 0, 1, 87, 1, 4),
(1215, 10, 'Penyediaan alat tulis kantor', 2017, 2, 23240550, 2, 1, 0, 23240550, 0, 1, 87, 1, 4),
(1216, 11, 'Penyediaan barang cetakan dan penggandaan', 2017, 2, 1795000, 2, 1, 0, 7522600, 0, 1, 87, 1, 4),
(1217, 12, 'Penyediaan komponen instalasi listrik/penerangan bangunan kantor', 2017, 2, 5776000, 2, 1, 0, 5776000, 0, 1, 87, 1, 4),
(1218, 17, 'Penyediaan makanan dan minuman', 2017, 2, 19428000, 2, 1, 0, 19428000, 0, 1, 87, 1, 4),
(1219, 20, 'Rapat-Rapat Koordinasi Dalam Daerah', 2017, 2, 90800000, 2, 1, 0, 90800000, 0, 1, 87, 1, 4),
(1220, 9, 'Pengadaan peralatan gedung kantor', 2017, 2, 2500000, 3, 1, 0, 0, 18250000, 2, 87, 1, 4),
(1221, 22, 'Pemeliharaan rutin/berkala gedung kantor', 2017, 2, 9379950, 2, 1, 0, 9879950, 0, 2, 87, 1, 4),
(1222, 24, 'Pemeliharaan rutin/berkala kendaraan dinas/operasional', 2017, 2, 10006350, 2, 1, 0, 43789900, 0, 2, 87, 1, 4),
(1223, 28, 'Pemeliharaan rutin/berkala peralatan gedung kantor', 2017, 2, 6060000, 2, 1, 0, 6060000, 0, 2, 87, 1, 4),
(1224, 1, 'Pengadaan mesin/kartu absensi', 2017, 2, 2250000, 3, 1, 0, 0, 2250000, 3, 87, 1, 4),
(1225, 2, 'Pengadaan pakaian dinas beserta perlengkapannya', 2017, 2, 1000000, 2, 1, 0, 13992000, 0, 3, 87, 1, 4),
(1226, 3, 'Bimbingan teknis implementasi peraturan perundang-undangan', 2017, 2, 9011000, 2, 1, 0, 14011000, 0, 5, 87, 1, 4),
(1227, 2, 'Pendidikan dan pelatihan dasar kepemimpinan', 2017, 2, 14700900, 2, 1, 0, 30000000, 0, 16, 88, 13, 2),
(1228, 1, 'Penyediaan jasa surat menyurat', 2017, 2, 753000, 2, 1, 0, 753000, 0, 1, 89, 1, 4),
(1229, 2, 'Penyediaan jasa komunikasi, sumber daya air dan listrik', 2017, 2, 2415000, 2, 1, 0, 4815000, 0, 1, 89, 1, 4),
(1230, 8, 'Penyediaan jasa kebersihan kantor', 2017, 2, 689200, 2, 1, 0, 689200, 0, 1, 89, 1, 4),
(1231, 10, 'Penyediaan alat tulis kantor', 2017, 2, 6064000, 2, 1, 0, 6064000, 0, 1, 89, 1, 4),
(1232, 11, 'Penyediaan barang cetakan dan penggandaan', 2017, 2, 848000, 2, 1, 0, 2381000, 0, 1, 89, 1, 4),
(1233, 12, 'Penyediaan komponen instalasi listrik/penerangan bangunan kantor', 2017, 2, 1114300, 2, 1, 0, 1114300, 0, 1, 89, 1, 4),
(1234, 17, 'Penyediaan makanan dan minuman', 2017, 2, 20750000, 2, 1, 0, 20750000, 0, 1, 89, 1, 4),
(1235, 20, 'Rapat-Rapat Koordinasi Dalam Daerah', 2017, 2, 89175000, 2, 1, 0, 89175000, 0, 1, 89, 1, 4),
(1236, 21, 'Pemeliharaan rutin/berkala rumah dinas', 2017, 2, 1398500, 2, 1, 0, 1398500, 0, 2, 89, 1, 4),
(1237, 22, 'Pemeliharaan rutin/berkala gedung kantor', 2017, 2, 1850500, 2, 1, 0, 1850500, 0, 2, 89, 1, 4),
(1238, 24, 'Pemeliharaan rutin/berkala kendaraan dinas/operasional', 2017, 2, 4000000, 2, 1, 0, 29074500, 0, 2, 89, 1, 4),
(1239, 28, 'Pemeliharaan rutin/berkala peralatan gedung kantor', 2017, 2, 3500000, 2, 1, 0, 3500000, 0, 2, 89, 1, 4),
(1240, 2, 'Pengadaan pakaian dinas beserta perlengkapannya', 2017, 2, 7515000, 2, 1, 0, 7515000, 0, 3, 89, 1, 4),
(1241, 3, 'Bimbingan teknis implementasi peraturan perundang-undangan', 2017, 2, 8865000, 2, 1, 0, 13865000, 0, 5, 89, 1, 4),
(1242, 1, 'Pembinaan organisasi kepemudaan', 2017, 2, 20880000, 2, 1, 0, 37480000, 0, 16, 90, 13, 2),
(1243, 1, 'Penyediaan jasa surat menyurat', 2017, 2, 900000, 2, 1, 0, 900000, 0, 1, 91, 1, 4),
(1244, 2, 'Penyediaan jasa komunikasi, sumber daya air dan listrik', 2017, 2, 1800000, 2, 1, 0, 4800000, 0, 1, 91, 1, 4),
(1245, 8, 'Penyediaan jasa kebersihan kantor', 2017, 2, 1301000, 2, 1, 0, 1301000, 0, 1, 91, 1, 4),
(1246, 10, 'Penyediaan alat tulis kantor', 2017, 2, 9397000, 2, 1, 0, 9397000, 0, 1, 91, 1, 4),
(1247, 11, 'Penyediaan barang cetakan dan penggandaan', 2017, 2, 653000, 2, 1, 0, 2653600, 0, 1, 91, 1, 4),
(1248, 12, 'Penyediaan komponen instalasi listrik/penerangan bangunan kantor', 2017, 2, 1725900, 2, 1, 0, 6975900, 0, 1, 91, 1, 4),
(1249, 17, 'Penyediaan makanan dan minuman', 2017, 2, 31306000, 2, 1, 0, 31306000, 0, 1, 91, 1, 4),
(1250, 20, 'Rapat-Rapat Koordinasi Dalam Daerah', 2017, 2, 68075000, 2, 1, 0, 68075000, 0, 1, 91, 1, 4),
(1251, 9, 'Pengadaan peralatan gedung kantor', 2017, 2, 6534000, 3, 1, 0, 0, 6534000, 2, 91, 1, 4),
(1252, 21, 'Pemeliharaan rutin/berkala rumah dinas', 2017, 2, 566000, 2, 1, 0, 926000, 0, 2, 91, 1, 4),
(1253, 22, 'Pemeliharaan rutin/berkala gedung kantor', 2017, 2, 3120600, 2, 1, 0, 3300600, 0, 2, 91, 1, 4),
(1254, 24, 'Pemeliharaan rutin/berkala kendaraan dinas/operasional', 2017, 2, 1820000, 2, 1, 0, 34660000, 0, 2, 91, 1, 4),
(1255, 28, 'Pemeliharaan rutin/berkala peralatan gedung kantor', 2017, 2, 1000000, 2, 1, 0, 1995000, 0, 2, 91, 1, 4),
(1256, 2, 'Pengadaan pakaian dinas beserta perlengkapannya', 2017, 2, 1749000, 2, 1, 0, 12234000, 0, 3, 91, 1, 4),
(1257, 3, 'Bimbingan teknis implementasi peraturan perundang-undangan', 2017, 2, 9007000, 2, 1, 0, 14007000, 0, 5, 91, 1, 4),
(1258, 2, 'Pendidikan dan pelatihan dasar kepemimpinan', 2017, 2, 6945400, 2, 1, 0, 32445400, 0, 16, 91, 1, 4),
(1259, 1, 'Penyediaan jasa surat menyurat', 2017, 2, 2640000, 2, 1, 0, 2640000, 0, 1, 92, 1, 4),
(1260, 2, 'Penyediaan jasa komunikasi, sumber daya air dan listrik', 2017, 2, 2400000, 2, 1, 0, 6120000, 0, 1, 92, 1, 4),
(1261, 8, 'Penyediaan jasa kebersihan kantor', 2017, 2, 3010000, 2, 1, 0, 3010000, 0, 1, 92, 1, 4),
(1262, 10, 'Penyediaan alat tulis kantor', 2017, 2, 11750500, 2, 1, 0, 11750500, 0, 1, 92, 1, 4),
(1263, 11, 'Penyediaan barang cetakan dan penggandaan', 2017, 2, 2105000, 2, 1, 0, 8162000, 0, 1, 92, 1, 4),
(1264, 12, 'Penyediaan komponen instalasi listrik/penerangan bangunan kantor', 2017, 2, 7145000, 2, 1, 0, 7145000, 0, 1, 92, 1, 4),
(1265, 17, 'Penyediaan makanan dan minuman', 2017, 2, 15826000, 2, 1, 0, 15826000, 0, 1, 92, 1, 4),
(1266, 20, 'Rapat-Rapat Koordinasi Dalam Daerah', 2017, 2, 111625000, 2, 1, 0, 111625000, 0, 1, 92, 1, 4),
(1267, 9, 'Pengadaan peralatan gedung kantor', 2017, 2, 2500000, 3, 1, 0, 0, 33857000, 2, 92, 1, 4),
(1268, 10, 'Pengadaan mebeleur', 2017, 2, 12000000, 3, 1, 0, 0, 15000000, 2, 92, 1, 4),
(1269, 21, 'Pemeliharaan rutin/berkala rumah dinas', 2017, 2, 1028000, 2, 1, 0, 1328000, 0, 2, 92, 1, 4),
(1270, 22, 'Pemeliharaan rutin/berkala gedung kantor', 2017, 2, 1501000, 2, 1, 0, 1801000, 0, 2, 92, 1, 4),
(1271, 24, 'Pemeliharaan rutin/berkala kendaraan dinas/operasional', 2017, 2, 2996500, 2, 1, 0, 39033000, 0, 2, 92, 1, 4),
(1272, 28, 'Pemeliharaan rutin/berkala peralatan gedung kantor', 2017, 2, 2898000, 2, 1, 0, 6673000, 0, 2, 92, 1, 4),
(1273, 2, 'Pengadaan pakaian dinas beserta perlengkapannya', 2017, 2, 795000, 2, 1, 0, 12565500, 0, 3, 92, 1, 4),
(1274, 3, 'Bimbingan teknis implementasi peraturan perundang-undangan', 2017, 2, 8865000, 2, 1, 0, 13865000, 0, 5, 92, 1, 4),
(1275, 2, 'Pendidikan dan Pelatihan Dasar Kepemimpinan', 2017, 2, 2550000, 2, 1, 0, 30809000, 0, 16, 92, 1, 4),
(1276, 1, 'Penyediaan jasa surat menyurat', 2017, 2, 1950000, 2, 1, 0, 1950000, 0, 1, 93, 1, 4),
(1277, 2, 'Penyediaan jasa komunikasi, sumber daya air dan listrik', 2017, 2, 6600000, 2, 1, 0, 12000000, 0, 1, 93, 1, 4),
(1278, 8, 'Penyediaan jasa kebersihan kantor', 2017, 2, 5545000, 2, 1, 0, 5545000, 0, 1, 93, 1, 4),
(1279, 10, 'Penyediaan alat tulis kantor', 2017, 2, 14903000, 2, 1, 0, 14903000, 0, 1, 93, 1, 4),
(1280, 11, 'Penyediaan barang cetakan dan penggandaan', 2017, 2, 2448000, 2, 1, 0, 11050500, 0, 1, 93, 1, 4),
(1281, 12, 'Penyediaan komponen instalasi listrik/penerangan bangunan kantor', 2017, 2, 4490000, 2, 1, 0, 4490000, 0, 1, 93, 1, 4),
(1282, 17, 'Penyediaan makanan dan minuman', 2017, 2, 25310000, 2, 1, 0, 25310000, 0, 1, 93, 1, 4),
(1283, 20, 'Rapat-Rapat Koordinasi Dalam Daerah', 2017, 2, 71900000, 2, 1, 0, 71900000, 0, 1, 93, 1, 4),
(1284, 20, 'Rapat-Rapat Koordinasi dan Konsultasi Dalam Daerah', 2017, 2, 90050000, 2, 1, 0, 90050000, 0, 1, 93, 1, 4),
(1285, 7, 'Pengadaan perlengkapan gedung kantor', 2017, 2, 5000000, 3, 1, 0, 0, 22425000, 2, 93, 1, 4),
(1286, 9, 'Pengadaan peralatan gedung kantor', 2017, 2, 3000000, 3, 1, 0, 0, 3000000, 2, 93, 1, 4),
(1287, 22, 'Pemeliharaan rutin/berkala gedung kantor', 2017, 2, 4480000, 2, 1, 0, 9480000, 0, 2, 93, 1, 4),
(1288, 24, 'Pemeliharaan rutin/berkala kendaraan dinas/operasional', 2017, 2, 5000000, 2, 1, 0, 36159500, 0, 2, 93, 1, 4),
(1289, 28, 'Pemeliharaan rutin/berkala peralatan gedung kantor', 2017, 2, 2000000, 2, 1, 0, 9305000, 0, 2, 93, 1, 4),
(1290, 2, 'Pengadaan pakaian dinas beserta perlengkapannya', 2017, 2, 795000, 2, 1, 0, 13731000, 0, 3, 93, 1, 4),
(1291, 3, 'Bimbingan teknis implementasi peraturan perundang-undangan', 2017, 2, 8721000, 2, 1, 0, 13721000, 0, 5, 93, 1, 4),
(1292, 1, 'Pembinaan organisasi kepemudaan', 2017, 2, 6250000, 2, 1, 0, 43460000, 0, 16, 94, 13, 2),
(1293, 1, 'Penyediaan jasa surat menyurat', 2017, 2, 1500000, 2, 1, 0, 1500000, 0, 1, 95, 1, 4),
(1294, 2, 'Penyediaan jasa komunikasi, sumber daya air dan listrik', 2017, 2, 1200000, 2, 1, 0, 1200000, 0, 1, 95, 1, 4),
(1295, 8, 'Penyediaan jasa kebersihan kantor', 2017, 2, 1455000, 2, 1, 0, 1455000, 0, 1, 95, 1, 4),
(1296, 10, 'Penyediaan alat tulis kantor', 2017, 2, 7674000, 2, 1, 0, 7674000, 0, 1, 95, 1, 4),
(1297, 11, 'Penyediaan barang cetakan dan penggandaan', 2017, 2, 944000, 2, 1, 0, 5494000, 0, 1, 95, 1, 4),
(1298, 12, 'Penyediaan komponen instalasi listrik/penerangan bangunan kantor', 2017, 2, 1826000, 2, 1, 0, 1826000, 0, 1, 95, 1, 4),
(1299, 17, 'Penyediaan makanan dan minuman', 2017, 2, 9000000, 2, 1, 0, 9000000, 0, 1, 95, 1, 4),
(1300, 19, 'Penyediaan Jasa Tenaga Administrasi dan Tenaga Teknis Lainnya', 2017, 2, 18120000, 1, 1, 18120000, 150000, 0, 1, 95, 1, 4),
(1301, 20, 'Rapat-Rapat Koordinasi Dalam Daerah', 2017, 2, 98625000, 2, 1, 0, 98625000, 0, 1, 95, 1, 4),
(1302, 6, 'Pengadaan perlengkapan rumah jabatan/dinas', 2017, 2, 6875000, 3, 1, 0, 0, 6875000, 2, 95, 1, 4),
(1303, 7, 'Pengadaan perlengkapan gedung kantor', 2017, 2, 6875000, 3, 1, 0, 0, 8775000, 2, 95, 1, 4),
(1304, 22, 'Pemeliharaan rutin/berkala gedung kantor', 2017, 2, 3493000, 2, 1, 0, 3493000, 0, 2, 95, 1, 4),
(1305, 24, 'Pemeliharaan rutin/berkala kendaraan dinas/operasional', 2017, 2, 1600000, 2, 1, 0, 31050000, 0, 2, 95, 1, 4),
(1306, 28, 'Pemeliharaan rutin/berkala peralatan gedung kantor', 2017, 2, 6600000, 2, 1, 0, 7810000, 0, 2, 95, 1, 4),
(1307, 2, 'Pengadaan pakaian dinas beserta perlengkapannya', 2017, 2, 1749000, 2, 1, 0, 10137000, 0, 3, 95, 1, 4),
(1308, 3, 'Bimbingan teknis implementasi peraturan perundang-undangan', 2017, 2, 9007000, 2, 1, 0, 14007000, 0, 5, 95, 1, 4),
(1309, 2, 'Pendidikan dan pelatihan dasar kepemimpinan', 2017, 2, 3400000, 2, 1, 0, 38139000, 0, 16, 95, 1, 4),
(1310, 1, 'Penyediaan jasa surat menyurat', 2017, 2, 3900000, 2, 1, 0, 3900000, 0, 1, 96, 1, 4),
(1311, 2, 'Penyediaan jasa komunikasi, sumber daya air dan listrik', 2017, 2, 2400000, 2, 1, 0, 9600000, 0, 1, 96, 1, 4),
(1312, 8, 'Penyediaan jasa kebersihan kantor', 2017, 2, 1502000, 2, 1, 0, 1502000, 0, 1, 96, 1, 4),
(1313, 10, 'Penyediaan alat tulis kantor', 2017, 2, 12463700, 2, 1, 0, 12463700, 0, 1, 96, 1, 4),
(1314, 11, 'Penyediaan barang cetakan dan penggandaan', 2017, 2, 1400000, 2, 1, 0, 9638300, 0, 1, 96, 1, 4),
(1315, 12, 'Penyediaan komponen instalasi listrik/penerangan bangunan kantor', 2017, 2, 2160000, 2, 1, 0, 2160000, 0, 1, 96, 1, 4);
INSERT INTO `ms_kegiatan` (`NO`, `KODEKEGIATAN`, `NAMAKEGIATAN`, `TAHUNBELANJA`, `KODEDANABELANJA`, `PAGUKEGIATAN`, `KODEJENISBELANJA`, `STATUS`, `PAGUPEGAWAI`, `PAGUBARANG`, `PAGUMODAL`, `NOKODEPROGRAM`, `NOKODEDINAS`, `NOKODESUBURUSAN`, `NOKODEURUSAN`) VALUES
(1316, 15, 'Penyediaan bahan bacaan dan peraturan perundang-undangan', 2017, 2, 960000, 2, 1, 0, 960000, 0, 1, 96, 1, 4),
(1317, 17, 'Penyediaan makanan dan minuman', 2017, 2, 30290000, 2, 1, 0, 30290000, 0, 1, 96, 1, 4),
(1318, 20, 'Rapat-Rapat Koordinasi Dalam Daerah', 2017, 2, 215400000, 2, 1, 0, 215400000, 0, 1, 96, 1, 4),
(1319, 21, 'Pemeliharaan rutin/berkala rumah dinas', 2017, 2, 2570000, 2, 1, 0, 2570000, 0, 2, 96, 1, 4),
(1320, 22, 'Pemeliharaan rutin/berkala gedung kantor', 2017, 2, 2820000, 2, 1, 0, 2820000, 0, 2, 96, 1, 4),
(1321, 24, 'Pemeliharaan rutin/berkala kendaraan dinas/operasional', 2017, 2, 6000000, 2, 1, 0, 57839000, 0, 2, 96, 1, 4),
(1322, 2, 'Pengadaan pakaian dinas beserta perlengkapannya', 2017, 2, 1749000, 2, 1, 0, 14274000, 0, 3, 96, 1, 4),
(1323, 3, 'Bimbingan teknis implementasi peraturan perundang-undangan', 2017, 2, 8865000, 2, 1, 0, 13865000, 0, 5, 96, 1, 4),
(1324, 2, 'Pendidikan dan pelatihan dasar kepemimpinan', 2017, 2, 15128000, 2, 1, 0, 27978000, 0, 16, 97, 13, 2),
(1325, 1, 'Penyediaan jasa surat menyurat', 2017, 2, 1350000, 2, 1, 0, 1350000, 0, 1, 98, 1, 4),
(1326, 2, 'Penyediaan jasa komunikasi, sumber daya air dan listrik', 2017, 2, 1800000, 2, 1, 0, 1800000, 0, 1, 98, 1, 4),
(1327, 8, 'Penyediaan jasa kebersihan kantor', 2017, 2, 867000, 2, 1, 0, 867000, 0, 1, 98, 1, 4),
(1328, 10, 'Penyediaan alat tulis kantor', 2017, 2, 10304500, 2, 1, 0, 10304500, 0, 1, 98, 1, 4),
(1329, 11, 'Penyediaan barang cetakan dan penggandaan', 2017, 2, 1194000, 2, 1, 0, 3108500, 0, 1, 98, 1, 4),
(1330, 12, 'Penyediaan komponen instalasi listrik/penerangan bangunan kantor', 2017, 2, 840000, 2, 1, 0, 840000, 0, 1, 98, 1, 4),
(1331, 15, 'Penyediaan bahan bacaan dan peraturan perundang-undangan', 2017, 2, 1140000, 2, 1, 0, 1140000, 0, 1, 98, 1, 4),
(1332, 17, 'Penyediaan makanan dan minuman', 2017, 2, 9658000, 2, 1, 0, 9658000, 0, 1, 98, 1, 4),
(1333, 19, 'Penyediaan Jasa Tenaga Administrasi dan Tenaga Teknis Lainnya', 2017, 2, 36240000, 1, 1, 36240000, 0, 0, 1, 98, 1, 4),
(1334, 20, 'Rapat-Rapat Koordinasi Dalam Daerah', 2017, 2, 93675000, 2, 1, 0, 93675000, 0, 1, 98, 1, 4),
(1335, 9, 'Pengadaan peralatan gedung kantor', 2017, 2, 7425000, 3, 1, 0, 0, 7425000, 2, 98, 1, 4),
(1336, 24, 'Pemeliharaan rutin/berkala kendaraan dinas/operasional', 2017, 2, 3200000, 2, 1, 0, 39067000, 0, 2, 98, 1, 4),
(1337, 28, 'Pemeliharaan rutin/berkala peralatan gedung kantor', 2017, 2, 900000, 2, 1, 0, 900000, 0, 2, 98, 1, 4),
(1338, 2, 'Pengadaan pakaian dinas beserta perlengkapannya', 2017, 2, 1749000, 2, 1, 0, 12234000, 0, 3, 98, 1, 4),
(1339, 3, 'Bimbingan teknis implementasi peraturan perundang-undangan', 2017, 2, 8807000, 2, 1, 0, 13807000, 0, 5, 98, 1, 4),
(1340, 2, 'Pendidikan dan pelatihan dasar kepemimpinan', 2017, 2, 2000000, 2, 1, 0, 36294000, 0, 16, 99, 13, 2),
(1341, 1, 'Penyediaan jasa surat menyurat', 2017, 2, 1620000, 2, 1, 0, 1620000, 0, 1, 100, 1, 4),
(1342, 2, 'Penyediaan jasa komunikasi, sumber daya air dan listrik', 2017, 2, 2400000, 2, 1, 0, 2400000, 0, 1, 100, 1, 4),
(1343, 8, 'Penyediaan jasa kebersihan kantor', 2017, 2, 726000, 2, 1, 0, 726000, 0, 1, 100, 1, 4),
(1344, 10, 'Penyediaan alat tulis kantor', 2017, 2, 10367000, 2, 1, 0, 10367000, 0, 1, 100, 1, 4),
(1345, 11, 'Penyediaan barang cetakan dan penggandaan', 2017, 2, 690000, 2, 1, 0, 7690000, 0, 1, 100, 1, 4),
(1346, 17, 'Penyediaan makanan dan minuman', 2017, 2, 11680000, 2, 1, 0, 11680000, 0, 1, 100, 1, 4),
(1347, 20, 'Rapat-Rapat Koordinasi Dalam Daerah', 2017, 2, 104400000, 2, 1, 0, 104400000, 0, 1, 100, 1, 4),
(1348, 9, 'Pengadaan peralatan gedung kantor', 2017, 2, 2700000, 3, 1, 0, 0, 24700000, 2, 100, 1, 4),
(1349, 10, 'Pengadaan mebeleur', 2017, 2, 18750000, 3, 1, 0, 0, 18750000, 2, 100, 1, 4),
(1350, 24, 'Pemeliharaan rutin/berkala kendaraan dinas/operasional', 2017, 2, 2500000, 2, 1, 0, 34860000, 0, 2, 100, 1, 4),
(1351, 28, 'Pemeliharaan rutin/berkala peralatan gedung kantor', 2017, 2, 1500000, 2, 1, 0, 1500000, 0, 2, 100, 1, 4),
(1352, 2, 'Pengadaan pakaian dinas beserta perlengkapannya', 2017, 2, 9635000, 2, 1, 0, 9635000, 0, 3, 100, 1, 4),
(1353, 3, 'Bimbingan teknis implementasi peraturan perundang-undangan', 2017, 2, 8807000, 2, 1, 0, 13807000, 0, 5, 100, 1, 4),
(1354, 2, 'Pendidikan dan pelatihan dasar kepemimpinan', 2017, 2, 4400000, 2, 1, 0, 39780000, 0, 16, 101, 13, 2),
(1355, 1, 'Penyediaan jasa surat menyurat', 2017, 2, 1500000, 2, 1, 0, 1500000, 0, 1, 102, 1, 4),
(1356, 2, 'Penyediaan jasa komunikasi, sumber daya air dan listrik', 2017, 2, 1200000, 2, 1, 0, 1200000, 0, 1, 102, 1, 4),
(1357, 8, 'Penyediaan jasa kebersihan kantor', 2017, 2, 874000, 2, 1, 0, 874000, 0, 1, 102, 1, 4),
(1358, 10, 'Penyediaan alat tulis kantor', 2017, 2, 6025800, 2, 1, 0, 6025800, 0, 1, 102, 1, 4),
(1359, 11, 'Penyediaan barang cetakan dan penggandaan', 2017, 2, 570000, 2, 1, 0, 2677700, 0, 1, 102, 1, 4),
(1360, 12, 'Penyediaan komponen instalasi listrik/penerangan bangunan kantor', 2017, 2, 2829000, 2, 1, 0, 2829000, 0, 1, 102, 1, 4),
(1361, 15, 'Penyediaan bahan bacaan dan peraturan perundang-undangan', 2017, 2, 1000000, 3, 1, 0, 0, 1000000, 1, 102, 1, 4),
(1362, 17, 'Penyediaan makanan dan minuman', 2017, 2, 17281000, 2, 1, 0, 17281000, 0, 1, 102, 1, 4),
(1363, 20, 'Rapat-Rapat Koordinasi Dalam Daerah', 2017, 2, 109900000, 2, 1, 0, 109900000, 0, 1, 102, 1, 4),
(1364, 7, 'Pengadaan perlengkapan gedung kantor', 2017, 2, 1500000, 3, 1, 0, 0, 1500000, 2, 102, 1, 4),
(1365, 9, 'Pengadaan peralatan gedung kantor', 2017, 2, 2057000, 3, 1, 0, 0, 13579000, 2, 102, 1, 4),
(1366, 21, 'Pemeliharaan rutin/berkala rumah dinas', 2017, 2, 1770000, 2, 1, 0, 1770000, 0, 2, 102, 1, 4),
(1367, 22, 'Pemeliharaan rutin/berkala gedung kantor', 2017, 2, 2563000, 2, 1, 0, 2563000, 0, 2, 102, 1, 4),
(1368, 24, 'Pemeliharaan rutin/berkala kendaraan dinas/operasional', 2017, 2, 5500000, 2, 1, 0, 60101400, 0, 2, 102, 1, 4),
(1369, 28, 'Pemeliharaan rutin/berkala peralatan gedung kantor', 2017, 2, 10936100, 2, 1, 0, 20293600, 0, 2, 102, 1, 4),
(1370, 2, 'Pengadaan pakaian dinas beserta perlengkapannya', 2017, 2, 1749000, 2, 1, 0, 9438000, 0, 3, 102, 1, 4),
(1371, 3, 'Bimbingan teknis implementasi peraturan perundang-undangan', 2017, 2, 9007000, 2, 1, 0, 14007000, 0, 5, 102, 1, 4),
(1372, 2, 'Pendidikan dan pelatihan dasar kepemimpinan', 2017, 2, 2420000, 2, 1, 0, 20000000, 0, 16, 103, 13, 2),
(1373, 1, 'Penyediaan jasa surat menyurat', 2017, 2, 3600000, 2, 1, 0, 3600000, 0, 1, 104, 1, 4),
(1374, 2, 'Penyediaan jasa komunikasi, sumber daya air dan listrik', 2017, 2, 3600000, 2, 1, 0, 39600000, 0, 1, 104, 1, 4),
(1375, 8, 'Penyediaan jasa kebersihan kantor', 2017, 2, 4125000, 2, 1, 0, 4125000, 0, 1, 104, 1, 4),
(1376, 10, 'Penyediaan alat tulis kantor', 2017, 2, 50099000, 2, 1, 0, 50099000, 0, 1, 104, 1, 4),
(1377, 11, 'Penyediaan barang cetakan dan penggandaan', 2017, 2, 41694000, 2, 1, 0, 41694000, 0, 1, 104, 1, 4),
(1378, 12, 'Penyediaan komponen instalasi listrik/penerangan bangunan kantor', 2017, 2, 4104000, 2, 1, 0, 4104000, 0, 1, 104, 1, 4),
(1379, 15, 'Penyediaan bahan bacaan dan peraturan perundang-undangan', 2017, 2, 4240000, 2, 1, 0, 4240000, 0, 1, 104, 1, 4),
(1380, 17, 'Penyediaan makanan dan minuman', 2017, 2, 23100000, 2, 1, 0, 23100000, 0, 1, 104, 1, 4),
(1381, 18, 'Rapat-rapat koordinasi dan konsultasi ke luar daerah', 2017, 2, 186860000, 2, 1, 0, 186860000, 0, 1, 104, 1, 4),
(1382, 19, 'Penyediaan Jasa Tenaga Administrasi dan Tenaga Teknis Lainnya', 2017, 2, 18120000, 1, 1, 18120000, 400000, 0, 1, 104, 1, 4),
(1383, 20, 'Rapat-Rapat Koordinasi Dalam Daerah', 2017, 2, 35550000, 2, 1, 0, 35550000, 0, 1, 104, 1, 4),
(1384, 9, 'Pengadaan peralatan gedung kantor', 2017, 2, 37000000, 3, 1, 0, 0, 37000000, 2, 104, 1, 4),
(1385, 10, 'Pengadaan mebeleur', 2017, 2, 35250000, 3, 1, 0, 0, 35250000, 2, 104, 1, 4),
(1386, 24, 'Pemeliharaan rutin/berkala kendaraan dinas/operasional', 2017, 2, 22470000, 2, 1, 0, 133420000, 0, 2, 104, 1, 4),
(1387, 26, 'Pemeliharaan rutin/berkala perlengkapan gedung kantor', 2017, 2, 1500000, 2, 1, 0, 1500000, 0, 2, 104, 1, 4),
(1388, 28, 'Pemeliharaan rutin/berkala peralatan gedung kantor', 2017, 2, 9000000, 2, 1, 0, 9000000, 0, 2, 104, 1, 4),
(1389, 29, 'Pemeliharaan rutin/berkala mebeleur', 2017, 2, 1150000, 2, 1, 0, 1150000, 0, 2, 104, 1, 4),
(1390, 2, 'Pengadaan pakaian dinas beserta perlengkapannya', 2017, 2, 5220000, 2, 1, 0, 24885000, 0, 3, 104, 1, 4),
(1391, 1, 'Pendidikan dan pelatihan formal', 2017, 2, 67956000, 2, 1, 0, 130130000, 0, 5, 104, 1, 4),
(1392, 1, 'Pelaksanaan pengawasan Internal secara berkala', 2017, 2, 1057800000, 2, 1, 0, 1331182000, 0, 20, 105, 2, 4),
(1393, 2, 'Penanganan kasus pengaduan di lingkungan pemerintah daerah', 2017, 2, 359700000, 2, 1, 0, 359700000, 40000000, 20, 105, 2, 4),
(1394, 3, 'Pengendalian manajemen pelaksanaan kebijakan KDH', 2017, 2, 146500000, 2, 1, 0, 146500000, 0, 20, 105, 2, 4),
(1395, 6, 'Tindak lanjut hasil temuan pengawasan', 2017, 2, 168000000, 2, 1, 0, 168000000, 0, 20, 105, 2, 4),
(1396, 7, 'Koordinasi pengawasan yang lebih komprehensif', 2017, 2, 117390000, 2, 1, 0, 117390000, 0, 20, 105, 2, 4),
(1397, 8, 'Evaluasi berkala temuan hasil pengawasan', 2017, 2, 5850000, 2, 1, 0, 226949000, 0, 20, 105, 2, 4),
(1398, 1, 'Penyediaan jasa surat menyurat', 2017, 2, 3708000, 2, 1, 0, 3708000, 0, 1, 106, 3, 4),
(1399, 2, 'Penyediaan jasa komunikasi, sumber daya air dan listrik', 2017, 2, 3000000, 2, 1, 0, 41400000, 0, 1, 106, 3, 4),
(1400, 7, 'Penyediaan jasa administrasi keuangan', 2017, 2, 21712000, 1, 1, 30728000, 0, 0, 1, 106, 3, 4),
(1401, 8, 'Penyediaan jasa kebersihan kantor', 2017, 2, 5032000, 2, 1, 0, 5032000, 0, 1, 106, 3, 4),
(1402, 10, 'Penyediaan alat tulis kantor', 2017, 2, 27389800, 2, 1, 0, 27389800, 0, 1, 106, 3, 4),
(1403, 11, 'Penyediaan barang cetakan dan penggandaan', 2017, 2, 41190000, 2, 1, 0, 60159650, 0, 1, 106, 3, 4),
(1404, 12, 'Penyediaan komponen instalasi listrik/penerangan bangunan kantor', 2017, 2, 4619000, 2, 1, 0, 4619000, 0, 1, 106, 3, 4),
(1405, 15, 'Penyediaan bahan bacaan dan peraturan perundang-undangan', 2017, 2, 2880000, 2, 1, 0, 2880000, 1000000, 1, 106, 3, 4),
(1406, 17, 'Penyediaan makanan dan minuman', 2017, 2, 30362200, 2, 1, 0, 49072900, 0, 1, 106, 3, 4),
(1407, 18, 'Rapat-rapat koordinasi dan konsultasi ke luar daerah', 2017, 2, 284155000, 2, 1, 0, 284155000, 0, 1, 106, 3, 4),
(1408, 19, 'Penyediaan Jasa Tenaga Administrasi dan Tenaga Teknis Lainnya', 2017, 2, 134040000, 1, 1, 134040000, 0, 0, 1, 106, 3, 4),
(1409, 20, 'Rapat-Rapat Koordinasi dan Konsultasi Dalam  Daerah', 2017, 2, 168625000, 2, 1, 0, 168625000, 0, 1, 106, 3, 4),
(1410, 7, 'Pengadaan perlengkapan gedung kantor', 2017, 2, 13500000, 3, 1, 0, 0, 41150000, 2, 106, 3, 4),
(1411, 9, 'Pengadaan peralatan gedung kantor', 2017, 2, 80000000, 3, 1, 0, 0, 118925500, 2, 106, 3, 4),
(1412, 10, 'Pengadaan mebeleur', 2017, 2, 14000000, 3, 1, 0, 0, 14000000, 2, 106, 3, 4),
(1413, 24, 'Pemeliharaan rutin/berkala kendaraan dinas/operasional', 2017, 2, 17416000, 2, 1, 0, 217516000, 0, 2, 106, 3, 4),
(1414, 26, 'Pemeliharaan rutin/berkala perlengkapan gedung kantor', 2017, 2, 10900000, 2, 1, 0, 10900000, 0, 2, 106, 3, 4),
(1415, 28, 'Pemeliharaan rutin/berkala peralatan gedung kantor', 2017, 2, 11900000, 2, 1, 0, 11900000, 0, 2, 106, 3, 4),
(1416, 2, 'Pengadaan pakaian dinas beserta perlengkapannya', 2017, 2, 6300000, 2, 1, 0, 25220000, 0, 3, 106, 3, 4),
(1417, 5, 'Penyusunan profile daerah', 2017, 2, 1565000, 1, 1, 77186000, 398245000, 0, 15, 106, 3, 4),
(1418, 3, 'Fasilitasi kerjasama dengan dunia usaha/lembaga', 2017, 2, 42900000, 1, 1, 42900000, 1617065050, 0, 16, 106, 3, 4),
(1419, 1, 'Peningkatan kemampuan teknis aparat perencana', 2017, 2, 18750000, 1, 1, 29070000, 245847000, 0, 20, 106, 3, 4),
(1420, 5, 'Penyusunan rancangan RPJMD', 2017, 2, 26750000, 1, 1, 101480000, 386826500, 0, 21, 106, 3, 4),
(1421, 7, 'Penetapan RPJMD', 2017, 2, 67000000, 2, 1, 0, 137263000, 0, 21, 106, 3, 4),
(1422, 8, 'Penyusunan rancangan RKPD', 2017, 2, 86400000, 1, 1, 272020000, 337895000, 0, 21, 106, 3, 4),
(1423, 9, 'Penyelenggaraan musrenbang RKPD', 2017, 2, 26450000, 1, 1, 80780000, 834120600, 0, 21, 106, 3, 4),
(1424, 13, 'Monitoring, evaluasi dan pelaporan', 2017, 2, 9440000, 1, 1, 11400000, 176950000, 0, 21, 106, 3, 4),
(1425, 14, 'Penyusunan Kebijakan Umum Anggaran dan Prioritas Plafon Anggaran', 2017, 2, 119250000, 1, 1, 178690000, 321947000, 0, 21, 106, 3, 4),
(1426, 15, 'Dokumen Evaluasi Perencanaan Desa', 2017, 2, 13500000, 1, 1, 103296000, 101358000, 0, 21, 106, 3, 4),
(1427, 16, 'Evaluasi Perencanaan Pembangunan', 2017, 2, 119600000, 1, 1, 158780000, 140950500, 0, 21, 106, 3, 4),
(1428, 4, 'koordinasi perencanaan pembangunan bidang ekonomi', 2017, 2, 27062100, 2, 1, 0, 325534000, 0, 22, 106, 3, 4),
(1429, 5, 'Koordinasi Perumusan kebijakan dan sinkronisasi Pelaksanaan Upaya-upaya penanggulangan kemiskinan dan Perumusan Kesenjangan', 2017, 2, 43750000, 1, 1, 78670000, 199729500, 0, 23, 106, 3, 4),
(1430, 1, 'Penyediaan jasa surat menyurat', 2017, 2, 9999000, 2, 1, 0, 9999000, 0, 1, 108, 4, 4),
(1431, 2, 'Penyediaan jasa komunikasi, sumber daya air dan listrik', 2017, 2, 7200000, 2, 1, 0, 91200000, 0, 1, 108, 4, 4),
(1432, 7, 'Penyediaan jasa administrasi keuangan', 2017, 2, 204600000, 1, 1, 222240000, 3843500, 0, 1, 108, 4, 4),
(1433, 8, 'Penyediaan jasa kebersihan kantor', 2017, 2, 8506500, 2, 1, 0, 8506500, 0, 1, 108, 4, 4),
(1434, 10, 'Penyediaan alat tulis kantor', 2017, 2, 50035500, 2, 1, 0, 50035500, 0, 1, 108, 4, 4),
(1435, 11, 'Penyediaan barang cetakan dan penggandaan', 2017, 2, 1507500, 2, 1, 0, 44863050, 0, 1, 108, 4, 4),
(1436, 12, 'Penyediaan komponen instalasi listrik/penerangan bangunan kantor', 2017, 2, 5000000, 2, 1, 0, 5000000, 0, 1, 108, 4, 4),
(1437, 15, 'Penyediaan bahan bacaan dan peraturan perundang-undangan', 2017, 2, 2000000, 2, 1, 0, 2000000, 0, 1, 108, 4, 4),
(1438, 17, 'Penyediaan makanan dan minuman', 2017, 2, 40920000, 2, 1, 0, 58993000, 0, 1, 108, 4, 4),
(1439, 18, 'Rapat-rapat koordinasi dan konsultasi ke luar daerah', 2017, 2, 644325000, 2, 1, 0, 644325000, 0, 1, 108, 4, 4),
(1440, 19, 'Penyediaan Jasa Tenaga Administrasi dan Tenaga Teknis Lainnya', 2017, 2, 54360000, 1, 1, 54360000, 500000, 0, 1, 108, 4, 4),
(1441, 20, 'Rapat-Rapat Koordinasi Dalam Daerah', 2017, 2, 122900000, 2, 1, 0, 122900000, 0, 1, 108, 4, 4),
(1442, 2, 'Pembangunan rumah dinas', 2017, 2, 5550000, 1, 1, 5550000, 101100000, 1100000000, 2, 108, 4, 4),
(1443, 3, 'Pembangunan gedung kantor', 2017, 2, 12800000, 1, 1, 12800000, 195600000, 555000000, 2, 108, 4, 4),
(1444, 7, 'Pengadaan perlengkapan gedung kantor', 2017, 2, 925000, 1, 1, 925000, 0, 24500000, 2, 108, 4, 4),
(1445, 9, 'Pengadaan peralatan gedung kantor', 2017, 2, 925000, 1, 1, 925000, 0, 176900000, 2, 108, 4, 4),
(1446, 10, 'Pengadaan mebeleur', 2017, 2, 925000, 1, 1, 925000, 0, 19500000, 2, 108, 4, 4),
(1447, 24, 'Pemeliharaan rutin/berkala kendaraan dinas/operasional', 2017, 2, 54500000, 2, 1, 0, 270250250, 0, 2, 108, 4, 4),
(1448, 26, 'Pemeliharaan rutin/berkala perlengkapan gedung kantor', 2017, 2, 5000000, 2, 1, 0, 5000000, 0, 2, 108, 4, 4),
(1449, 28, 'Pemeliharaan rutin/berkala peralatan gedung kantor', 2017, 2, 20000000, 2, 1, 0, 20000000, 0, 2, 108, 4, 4),
(1450, 42, 'Rehabilitasi sedang/berat gedung kantor', 2017, 2, 7100000, 1, 1, 7100000, 1390700000, 0, 2, 108, 4, 4),
(1451, 2, 'Pengadaan pakaian dinas beserta perlengkapannya', 2017, 2, 4389000, 2, 1, 0, 49239000, 0, 3, 108, 4, 4),
(1452, 3, 'Bimbingan teknis implementasi peraturan perundang-undangan', 2017, 2, 55638000, 2, 1, 0, 85638000, 0, 5, 108, 4, 4),
(1453, 2, 'Penyusunan pelaporan keuangan semesteran', 2017, 2, 18630000, 1, 1, 21570000, 35108000, 0, 6, 108, 4, 4),
(1454, 4, 'penyusunan pelaporan keuangan akhir tahun', 2017, 2, 83550000, 1, 1, 173790000, 94103000, 0, 6, 108, 4, 4),
(1455, 5, 'Penyusunan Laporan Keuangan Bulanan', 2017, 2, 22180000, 1, 1, 23120000, 4300000, 0, 6, 108, 4, 4),
(1456, 6, 'Penyusunan Pelaporan Keuangan SKPD', 2017, 2, 39168000, 1, 1, 54848000, 764000, 0, 6, 108, 4, 4),
(1457, 2, 'Penyusunan Standar Satuan Harga', 2017, 2, 22650000, 1, 1, 55920000, 68343000, 0, 17, 108, 4, 4),
(1458, 6, 'Penyusunan rancangan peraturan daerah tentang APBD', 2017, 2, 169260000, 1, 1, 175140000, 186864000, 0, 17, 108, 4, 4),
(1459, 7, 'Penyusunan rancangan peraturan KDH tentang Penjabaran APBD', 2017, 2, 441000000, 1, 1, 441000000, 145333500, 0, 17, 108, 4, 4),
(1460, 8, 'Penyusunan rancangan peraturan daerah tentang perubahan APBD', 2017, 2, 73990000, 1, 1, 84340000, 134552200, 0, 17, 108, 4, 4),
(1461, 9, 'Penyusunan rancangan peraturan daerah tentang Penjabaran Perubahan APBD', 2017, 2, 11417500, 2, 1, 0, 107977500, 0, 17, 108, 4, 4),
(1462, 10, 'Penyusunan rancangan peraturan daerah tentang Pertanggungjawaban pelaksanaan APBD', 2017, 2, 125100000, 1, 1, 197390000, 101593500, 0, 17, 108, 4, 4),
(1463, 11, 'Penyusunan rancangan peraturan daerah tentang Penjabaran pertanggungjawaban pelaksanaan APBD', 2017, 2, 6500000, 2, 1, 0, 47450000, 0, 17, 108, 4, 4),
(1464, 12, 'Penyusunan sistem informasi keuangan daerah', 2017, 2, 955000, 1, 1, 43015000, 265256000, 0, 17, 108, 4, 4),
(1465, 14, 'Sosialisasi paket regulasi tentang pengelolaan keuangan daerah', 2017, 2, 18750000, 1, 1, 18750000, 421931000, 0, 17, 108, 4, 4),
(1466, 15, 'Bimbingan teknis implementasi paket regulasi tentang pengelolaan keuangan daerah', 2017, 2, 85362000, 2, 1, 0, 135362000, 0, 17, 108, 4, 4),
(1467, 16, 'Peningkatan manajemen aset/barang daerah', 2017, 2, 33310000, 1, 1, 151990000, 1479505000, 0, 17, 108, 4, 4),
(1468, 20, 'Pengendalian dan pengawasan pengelolaan keuangan daerah', 2017, 2, 39180000, 1, 1, 101980000, 633054000, 0, 17, 108, 4, 4),
(1469, 1, 'Penyediaan jasa surat menyurat', 2017, 2, 4200000, 2, 1, 0, 4950000, 0, 1, 110, 1, 4),
(1470, 2, 'Penyediaan jasa komunikasi, sumber daya air dan listrik', 2017, 2, 3600000, 2, 1, 0, 87600000, 0, 1, 110, 1, 4),
(1471, 8, 'Penyediaan jasa kebersihan kantor', 2017, 2, 6264000, 2, 1, 0, 6264000, 0, 1, 110, 1, 4),
(1472, 10, 'Penyediaan alat tulis kantor', 2017, 2, 51585000, 2, 1, 0, 51585000, 0, 1, 110, 1, 4),
(1473, 11, 'Penyediaan barang cetakan dan penggandaan', 2017, 2, 1000000, 2, 1, 0, 34000000, 0, 1, 110, 1, 4),
(1474, 12, 'Penyediaan komponen instalasi listrik/penerangan bangunan kantor', 2017, 2, 5000000, 2, 1, 0, 5000000, 0, 1, 110, 1, 4),
(1475, 15, 'Penyediaan bahan bacaan dan peraturan perundang-undangan', 2017, 2, 1020000, 2, 1, 0, 1020000, 600000, 1, 110, 1, 4),
(1476, 17, 'Penyediaan makanan dan minuman', 2017, 2, 12400000, 2, 1, 0, 22300000, 0, 1, 110, 1, 4),
(1477, 18, 'Rapat-rapat koordinasi dan konsultasi ke luar daerah', 2017, 2, 288083000, 2, 1, 0, 288083000, 0, 1, 110, 1, 4),
(1478, 19, 'Penyediaan Jasa Tenaga Administrasi dan Tenaga Teknis Lainnya', 2017, 2, 54360000, 1, 1, 54360000, 500000, 0, 1, 110, 1, 4),
(1479, 20, 'Rapat-Rapat Koordinasi dan Konsultasi Dalam Daerah', 2017, 2, 35500000, 2, 1, 0, 35500000, 0, 1, 110, 1, 4),
(1480, 9, 'Pengadaan peralatan gedung kantor', 2017, 2, 24500000, 3, 1, 0, 0, 29450000, 2, 110, 1, 4),
(1481, 22, 'Pemeliharaan rutin/berkala gedung kantor', 2017, 2, 2741000, 2, 1, 0, 9049000, 0, 2, 110, 1, 4),
(1482, 24, 'Pemeliharaan rutin/berkala kendaraan dinas/operasional', 2017, 2, 18750000, 2, 1, 0, 168745000, 0, 2, 110, 1, 4),
(1483, 26, 'Pemeliharaan rutin/berkala perlengkapan gedung kantor', 2017, 2, 10640000, 2, 1, 0, 10640000, 0, 2, 110, 1, 4),
(1484, 28, 'Pemeliharaan rutin/berkala peralatan gedung kantor', 2017, 2, 7000000, 2, 1, 0, 70497500, 0, 2, 110, 1, 4),
(1485, 2, 'Pengadaan pakaian dinas beserta perlengkapannya', 2017, 2, 4399500, 2, 1, 0, 30499500, 0, 3, 110, 1, 4),
(1486, 1, 'Pendidikan dan pelatihan formal', 2017, 2, 43535000, 2, 1, 0, 68535000, 0, 5, 110, 1, 4),
(1487, 1, 'Penyusunan laporan capaian kinerja dan ikhtisar realisasi kinerja SKPD', 2017, 2, 59904000, 1, 1, 75584000, 714000, 0, 6, 110, 1, 4),
(1488, 19, 'Intensifikasi dan ekstensifikasi sumber-sumber pendapatan daerah', 2017, 2, 52725000, 1, 1, 173165000, 2505851000, 0, 17, 111, 4, 4),
(1489, 1, 'Penyediaan jasa surat menyurat', 2017, 2, 5001000, 2, 1, 0, 5001000, 0, 1, 112, 1, 4),
(1490, 2, 'Penyediaan jasa komunikasi, sumber daya air dan listrik', 2017, 2, 7200000, 2, 1, 0, 187200000, 0, 1, 112, 1, 4),
(1491, 7, 'Penyediaan jasa administrasi keuangan', 2017, 2, 26760000, 1, 1, 26760000, 3239500, 0, 1, 112, 1, 4),
(1492, 8, 'Penyediaan jasa kebersihan kantor', 2017, 2, 5728500, 2, 1, 0, 5728500, 0, 1, 112, 1, 4),
(1493, 10, 'Penyediaan alat tulis kantor', 2017, 2, 74126000, 2, 1, 0, 74126000, 0, 1, 112, 1, 4),
(1494, 11, 'Penyediaan barang cetakan dan penggandaan', 2017, 2, 2536000, 2, 1, 0, 6499000, 0, 1, 112, 1, 4),
(1495, 12, 'Penyediaan komponen instalasi listrik/penerangan bangunan kantor', 2017, 2, 6323750, 2, 1, 0, 11323750, 0, 1, 112, 1, 4),
(1496, 15, 'Penyediaan bahan bacaan dan peraturan perundang-undangan', 2017, 2, 2160000, 2, 1, 0, 2160000, 600000, 1, 112, 1, 4),
(1497, 18, 'Rapat-rapat koordinasi dan konsultasi ke luar daerah', 2017, 2, 376344000, 2, 1, 0, 376344000, 0, 1, 112, 1, 4),
(1498, 20, 'Rapat-Rapat Koordinasi Dalam Daerah', 2017, 2, 57635000, 2, 1, 0, 57635000, 0, 1, 112, 1, 4),
(1499, 7, 'Pengadaan perlengkapan gedung kantor', 2017, 2, 1250000, 2, 1, 0, 1250000, 0, 2, 112, 1, 4),
(1500, 9, 'Pengadaan peralatan gedung kantor', 2017, 2, 10000000, 3, 1, 0, 0, 91796000, 2, 112, 1, 4),
(1501, 10, 'Pengadaan mebeleur', 2017, 2, 2000000, 3, 1, 0, 0, 39500000, 2, 112, 1, 4),
(1502, 22, 'Pemeliharaan rutin/berkala gedung kantor', 2017, 2, 8739000, 2, 1, 0, 8739000, 0, 2, 112, 1, 4),
(1503, 24, 'Pemeliharaan rutin/berkala kendaraan dinas/operasional', 2017, 2, 19200000, 2, 1, 0, 114974000, 0, 2, 112, 1, 4),
(1504, 28, 'Pemeliharaan rutin/berkala peralatan gedung kantor', 2017, 2, 31750000, 2, 1, 0, 31750000, 0, 2, 112, 1, 4),
(1505, 2, 'Pengadaan pakaian dinas beserta perlengkapannya', 2017, 2, 3135000, 2, 1, 0, 27630500, 0, 3, 112, 1, 4),
(1506, 3, 'Pemindahan tugas PNS', 2017, 2, 70000000, 2, 1, 0, 70000000, 0, 4, 112, 1, 4),
(1507, 2, 'Sosialisasi peraturan perundang-undangan', 2017, 2, 15750000, 1, 1, 15750000, 35918500, 0, 5, 112, 1, 4),
(1508, 2, 'Pendidikan penjenjangan struktural', 2017, 2, 11200000, 2, 1, 0, 2603477000, 0, 28, 113, 5, 4),
(1509, 3, 'Pendidikan dan pelatihan teknis tugas dan fungsi bagi PNS Daerah', 2017, 2, 3750000, 2, 1, 0, 222194000, 0, 29, 113, 5, 4),
(1510, 1, 'Penyusunan rencana pembinaan karir PNS', 2017, 2, 129850000, 1, 1, 415620000, 932237000, 0, 30, 113, 5, 4),
(1511, 2, 'Seleksi penerimaan calon PNS', 2017, 2, 127180000, 1, 1, 143830000, 452207500, 0, 30, 113, 5, 4),
(1512, 4, 'Penataan sistem administrasi kenaikan pangkat otomatis PNS', 2017, 2, 11000000, 1, 1, 125840000, 244892000, 0, 30, 113, 5, 4),
(1513, 8, 'Pemberian penghargaan bagi PNS yang berprestasi', 2017, 2, 5500000, 1, 1, 5500000, 28940000, 0, 30, 113, 5, 4),
(1514, 9, 'Proses penanganan kasus-kasus pelanggaran disiplin PNS', 2017, 2, 30000000, 1, 1, 101880000, 345454000, 0, 30, 113, 5, 4),
(1515, 11, 'Pemberian bantuan tugas belajar dan ikatan dinas', 2017, 2, 35500000, 1, 1, 85030000, 1021258500, 0, 30, 113, 5, 4),
(1516, 17, 'Ujian Dinas dan Kenaikan Pangkat Penyesuaian Ijasah PNS', 2017, 2, 28300000, 1, 1, 31240000, 21964500, 0, 30, 113, 5, 4);

-- --------------------------------------------------------

--
-- Table structure for table `ms_program`
--

DROP TABLE IF EXISTS `ms_program`;
CREATE TABLE IF NOT EXISTS `ms_program` (
  `NO` int(11) NOT NULL AUTO_INCREMENT,
  `KODEPROGRAM` int(11) NOT NULL,
  `NAMAPROGRAM` varchar(255) NOT NULL,
  `KETPROGRAM` text NOT NULL,
  `STATUS` int(11) NOT NULL DEFAULT '1',
  `PAGUPROGRAM` bigint(20) NOT NULL,
  `KODEDANABELANJA` int(11) NOT NULL,
  `TAHUNBELANJA` int(11) NOT NULL,
  `NOKODEDINAS` int(11) NOT NULL,
  `NOKODESUBURUSAN` int(11) NOT NULL,
  `NOKODEURUSAN` int(11) NOT NULL,
  PRIMARY KEY (`NO`)
) ENGINE=InnoDB AUTO_INCREMENT=466 DEFAULT CHARSET=latin1;

--
-- Dumping data for table `ms_program`
--

INSERT INTO `ms_program` (`NO`, `KODEPROGRAM`, `NAMAPROGRAM`, `KETPROGRAM`, `STATUS`, `PAGUPROGRAM`, `KODEDANABELANJA`, `TAHUNBELANJA`, `NOKODEDINAS`, `NOKODESUBURUSAN`, `NOKODEURUSAN`) VALUES
(1, 0, '', '', 1, 0, 1, 2017, 1, 1, 1),
(2, 1, 'Program Pelayanan Administrasi Perkantoran', '', 1, 0, 2, 2017, 8, 3, 1),
(3, 2, 'Program Peningkatan Sarana dan Prasarana Aparatur', '', 1, 0, 2, 2017, 2, 1, 1),
(4, 3, 'Program peningkatan disiplin aparatur', '', 1, 0, 2, 2017, 2, 1, 1),
(5, 15, 'Program Pendidikan Anak Usia Dini', '', 1, 0, 2, 2017, 2, 1, 1),
(6, 16, 'Program Pengelolaan Kekayaan Budaya', '', 1, 0, 2, 2017, 3, 16, 2),
(7, 16, 'Program Wajib Belajar Pendidikan Dasar Sembilan Tahun', '', 1, 0, 2, 2017, 2, 1, 1),
(8, 17, 'Program Pendidikan Menengah', '', 1, 0, 2, 2017, 2, 1, 1),
(9, 17, 'Program Pengelolaan Keragaman Budaya', '', 1, 0, 2, 2017, 3, 16, 2),
(10, 20, 'Program Peningkatan Mutu Pendidik dan Tenaga Kependidikan', '', 1, 0, 2, 2017, 2, 1, 1),
(11, 22, 'Program Manajemen Pelayanan Pendidikan', '', 1, 0, 2, 2017, 2, 1, 1),
(12, 1, 'Program Pelayanan Administrasi Perkantoran', '', 1, 0, 2, 2017, 4, 1, 1),
(13, 2, 'Program Peningkatan Sarana dan Prasarana Aparatur', '', 1, 0, 2, 2017, 4, 1, 1),
(14, 3, 'Program peningkatan disiplin aparatur', '', 1, 0, 2, 2017, 4, 1, 1),
(15, 15, 'Program Pendidikan Anak Usia Dini', '', 1, 0, 2, 2017, 4, 1, 1),
(16, 0, '', '', 1, 0, 1, 2017, 4, 2, 1),
(17, 0, '', '', 1, 0, 1, 2017, 5, 2, 1),
(18, 1, 'Program Pelayanan Administrasi Perkantoran', '', 1, 0, 2, 2017, 6, 2, 1),
(19, 2, 'Program Peningkatan Sarana dan Prasarana Aparatur', '', 1, 0, 2, 2017, 6, 2, 1),
(20, 3, 'Program peningkatan disiplin aparatur', '', 1, 0, 2, 2017, 6, 2, 1),
(21, 5, 'Program Peningkatan Kapasitas Sumber Daya Aparatur', '', 1, 0, 2, 2017, 6, 2, 1),
(22, 15, 'Program Obat dan Perbekalan Kesehatan', '', 1, 0, 2, 2017, 6, 2, 1),
(23, 16, 'Program Upaya Kesehatan Masyarakat', '', 1, 0, 2, 2017, 6, 2, 1),
(24, 17, 'Program Pengawasan Obat dan Makanan', '', 1, 0, 2, 2017, 6, 2, 1),
(25, 19, 'Program Promosi Kesehatan dan Pemberdayaan Masyarakat', '', 1, 0, 2, 2017, 6, 2, 1),
(26, 20, 'Program Perbaikan Gizi Masyarakat', '', 1, 0, 2, 2017, 6, 2, 1),
(27, 21, 'Program Pengembangan Lingkungan Sehat', '', 1, 0, 2, 2017, 6, 2, 1),
(28, 22, 'Program Pencegahan dan Penanggulangan Penyakit Menular', '', 1, 0, 2, 2017, 6, 2, 1),
(29, 23, 'Program Standarisasi Pelayanan Kesehatan', '', 1, 0, 2, 2017, 6, 2, 1),
(30, 25, 'Program pengadaan, peningkatan dan perbaikan sarana dan prasarana puskesmas/ puskemas pembantu dan jaringannya', '', 1, 0, 2, 2017, 6, 2, 1),
(31, 28, 'Program kemitraan peningkatan pelayanan kesehatan', '', 1, 0, 2, 2017, 6, 2, 1),
(32, 32, 'Program peningkatan keselamatan ibu melahirkan dan anak', '', 1, 0, 2, 2017, 6, 2, 1),
(33, 33, 'Program Jaminan kesehatan Nasional (JKN)', '', 1, 0, 2, 2017, 6, 2, 1),
(34, 0, '', '', 1, 0, 1, 2017, 6, 2, 1),
(35, 1, 'Program Pelayanan Administrasi Perkantoran', '', 1, 0, 2, 2017, 7, 2, 1),
(36, 2, 'Program Peningkatan Sarana dan Prasarana Aparatur', '', 1, 0, 2, 2017, 7, 2, 1),
(37, 3, 'Program peningkatan disiplin aparatur', '', 1, 0, 2, 2017, 7, 2, 1),
(38, 5, 'Program Peningkatan Kapasitas Sumber Daya Aparatur', '', 1, 0, 2, 2017, 7, 2, 1),
(39, 15, 'Program Obat dan Perbekalan Kesehatan', '', 1, 0, 2, 2017, 7, 2, 1),
(40, 16, 'Program Upaya Kesehatan Masyarakat', '', 1, 0, 2, 2017, 7, 2, 1),
(41, 19, 'Program Promosi Kesehatan dan Pemberdayaan Masyarakat', '', 1, 0, 2, 2017, 7, 2, 1),
(42, 21, 'Program Pengembangan Lingkungan Sehat', '', 1, 0, 2, 2017, 7, 2, 1),
(43, 22, 'Program Pencegahan dan Penanggulangan Penyakit Menular', '', 1, 0, 2, 2017, 7, 2, 1),
(44, 23, 'Program Standarisasi Pelayanan Kesehatan', '', 1, 0, 2, 2017, 7, 2, 1),
(45, 26, 'Program pengadaan, peningkatan sarana dan prasarana rumah sakit/ rumah sakit jiwa/  rumah sakit paru-paru/  rumah sakit mata', '', 1, 0, 2, 2017, 7, 2, 1),
(46, 27, 'Program pemeliharaan sarana dan prasarana rumah sakit/ rumah sakit jiwa/  rumah sakit paru-paru/  rumah sakit mata', '', 1, 0, 2, 2017, 7, 2, 1),
(47, 28, 'Program kemitraan peningkatan pelayanan kesehatan', '', 1, 0, 2, 2017, 7, 2, 1),
(48, 0, '', '', 1, 0, 1, 2017, 7, 3, 1),
(49, 1, 'Program Pelayanan Administrasi Perkantoran', '', 1, 0, 2, 2017, 8, 3, 1),
(50, 2, 'Program Peningkatan Sarana dan Prasarana Aparatur', '', 1, 0, 2, 2017, 8, 3, 1),
(51, 5, 'Program Peningkatan Kapasitas Sumber Daya Aparatur', '', 1, 0, 2, 2017, 8, 3, 1),
(52, 15, 'Program pembangunan jalan dan jembatan', '', 1, 0, 2, 2017, 8, 3, 1),
(53, 15, 'Program Perencanaan Tata Ruang', '', 1, 0, 2, 2017, 9, 5, 1),
(54, 18, 'Program rehabilitasi/pemeliharaan jalan dan jembatan', '', 1, 0, 2, 2017, 8, 3, 1),
(55, 22, 'Program pembangunan sistem informasi/data base jalan dan jembatan', '', 1, 0, 2, 2017, 8, 3, 1),
(56, 23, 'Program peningkatan sarana dan prasarana kebinamargaan', '', 1, 0, 2, 2017, 8, 3, 1),
(57, 24, 'Program Pengembangan dan Pengelolaan Jaringan Irigasi, Rawa dan Jaringan Pengairan lainnya', '', 1, 0, 2, 2017, 8, 3, 1),
(58, 25, 'Program Penyediaan dan Pengelolaan Air Baku', '', 1, 0, 2, 2017, 8, 3, 1),
(59, 26, 'Program Pengembangan, Pengelolaan, dan Konservasi Sungai, Danau dan Sumber Daya Air Lainnya', '', 1, 0, 2, 2017, 8, 3, 1),
(60, 27, 'Program Pengembangan Kinerja Pengelolaan Air Minum dan Air Limbah', '', 1, 0, 2, 2017, 8, 3, 1),
(61, 28, 'Program Pengendalian Banjir', '', 1, 0, 2, 2017, 8, 3, 1),
(62, 30, 'Program pembangunan infrastruktur perdesaan', '', 1, 0, 2, 2017, 8, 3, 1),
(63, 32, 'Program Perencanaan Tata Ruang', '', 1, 0, 2, 2017, 8, 3, 1),
(64, 1, 'Program Pelayanan Administrasi Perkantoran', '', 1, 0, 2, 2017, 10, 4, 1),
(65, 2, 'Program Peningkatan Sarana dan Prasarana Aparatur', '', 1, 0, 2, 2017, 10, 4, 1),
(66, 5, 'Program Peningkatan Kapasitas Sumber Daya Aparatur', '', 1, 0, 2, 2017, 10, 4, 1),
(67, 15, 'Program Pengembangan Perumahan', '', 1, 0, 2, 2017, 10, 4, 1),
(68, 16, 'Program Lingkungan Sehat Perumahan', '', 1, 0, 2, 2017, 10, 4, 1),
(69, 1, 'Program Pelayanan Administrasi Perkantoran', '', 1, 0, 2, 2017, 11, 5, 1),
(70, 2, 'Program Peningkatan Sarana dan Prasarana Aparatur', '', 1, 0, 2, 2017, 11, 5, 1),
(71, 3, 'Program peningkatan disiplin aparatur', '', 1, 0, 2, 2017, 11, 5, 1),
(72, 16, 'Program pemeliharaan kantrantibmas dan pencegahan tindak kriminal', '', 1, 0, 2, 2017, 11, 5, 1),
(73, 17, 'Program pengembangan wawasan kebangsaan', '', 1, 0, 2, 2017, 11, 5, 1),
(74, 20, 'Program peningkatan pemberantasan penyakit masyarakat (pekat)', '', 1, 0, 2, 2017, 11, 5, 1),
(75, 21, 'Program pendidikan politik masyarakat', '', 1, 0, 2, 2017, 11, 5, 1),
(76, 1, 'Program Pelayanan Administrasi Perkantoran', '', 1, 0, 2, 2017, 12, 5, 1),
(77, 2, 'Program Peningkatan Sarana dan Prasarana Aparatur', '', 1, 0, 2, 2017, 12, 5, 1),
(78, 3, 'Program peningkatan disiplin aparatur', '', 1, 0, 2, 2017, 12, 5, 1),
(79, 5, 'Program Peningkatan Kapasitas Sumber Daya Aparatur', '', 1, 0, 2, 2017, 12, 5, 1),
(80, 15, 'Program peningkatan keamanan dan kenyamanan lingkungan', '', 1, 0, 2, 2017, 12, 5, 1),
(81, 16, 'Program pemeliharaan kantrantibmas dan pencegahan tindak kriminal', '', 1, 0, 2, 2017, 12, 5, 1),
(82, 20, 'Program peningkatan sistem pengawasan internal dan pengendalian pelaksanaan kebijakan KDH', '', 1, 0, 2, 2017, 13, 1, 4),
(83, 1, 'Program Pelayanan Administrasi Perkantoran', '', 1, 0, 2, 2017, 14, 6, 1),
(84, 2, 'Program Peningkatan Sarana dan Prasarana Aparatur', '', 1, 0, 2, 2017, 14, 6, 1),
(85, 3, 'Program peningkatan disiplin aparatur', '', 1, 0, 2, 2017, 14, 6, 1),
(86, 5, 'Program Peningkatan Kapasitas Sumber Daya Aparatur', '', 1, 0, 2, 2017, 14, 6, 1),
(87, 15, 'Program Pemberdayaan Fakir Miskin, Komunitas Adat Terpencil (KAT) dan Penyandang Masalah Kesejahteraan Sosial (PMKS) Lainnya', '', 1, 0, 2, 2017, 14, 6, 1),
(88, 16, 'Program Pelayanan dan Rehabilitasi Kesejahteraan Sosial', '', 1, 0, 2, 2017, 14, 6, 1),
(89, 17, 'Program pembinaan anak terlantar', '', 1, 0, 2, 2017, 14, 6, 1),
(90, 18, 'Program pembinaan para penyandang cacat dan trauma', '', 1, 0, 2, 2017, 14, 6, 1),
(91, 20, 'Program pembinaan eks penyandang penyakit sosial (eks narapidana, PSK, narkoba dan penyakit sosial lainnya)', '', 1, 0, 2, 2017, 14, 6, 1),
(92, 21, 'Program Pemberdayaan Kelembagaan Kesejahteraan Sosial', '', 1, 0, 2, 2017, 14, 6, 1),
(93, 1, 'Program Pelayanan Administrasi Perkantoran', '', 1, 0, 2, 2017, 15, 1, 2),
(94, 2, 'Program Peningkatan Sarana dan Prasarana Aparatur', '', 1, 0, 2, 2017, 15, 1, 2),
(95, 3, 'Program peningkatan disiplin aparatur', '', 1, 0, 2, 2017, 15, 1, 2),
(96, 5, 'Program Peningkatan Kapasitas Sumber Daya Aparatur', '', 1, 0, 2, 2017, 15, 1, 2),
(97, 15, 'Program pengembangan wilayah transmigrasi', '', 1, 0, 2, 2017, 16, 8, 3),
(98, 15, 'Program Peningkatan Kualitas dan Produktivitas Tenaga Kerja', '', 1, 0, 2, 2017, 15, 1, 2),
(99, 16, 'Program Peningkatan Kesempatan Kerja', '', 1, 0, 2, 2017, 15, 1, 2),
(100, 16, 'Program Transmigrasi lokal', '', 1, 0, 2, 2017, 16, 8, 3),
(101, 17, 'Program Perlindungan dan Pengembangan Lembaga Ketenagakerjaan', '', 1, 0, 2, 2017, 15, 1, 2),
(102, 1, 'Program Pelayanan Administrasi Perkantoran', '', 1, 0, 2, 2017, 17, 2, 2),
(103, 2, 'Program Peningkatan Sarana dan Prasarana Aparatur', '', 1, 0, 2, 2017, 17, 2, 2),
(104, 3, 'Program peningkatan disiplin aparatur', '', 1, 0, 2, 2017, 17, 2, 2),
(105, 15, 'Program Keluarga Berencana', '', 1, 0, 2, 2017, 18, 8, 2),
(106, 15, 'Program keserasian Kebijakan Peningkatan Kualitas Anak dan Perempuan', '', 1, 0, 2, 2017, 17, 2, 2),
(107, 16, 'Program Kesehatan Reproduksi Remaja', '', 1, 0, 2, 2017, 18, 8, 2),
(108, 16, 'Program Penguatan Kelembagaan Pengarusutamaan Gender dan Anak', '', 1, 0, 2, 2017, 17, 2, 2),
(109, 17, 'Program pelayanan kontrasepsi', '', 1, 0, 2, 2017, 18, 8, 2),
(110, 17, 'Program Peningkatan Kualitas Hidup dan Perlindungan Perempuan', '', 1, 0, 2, 2017, 17, 2, 2),
(111, 18, 'Program pembinaan peran serta masyarakat dalam pelayanan KB/KR yang mandiri', '', 1, 0, 2, 2017, 18, 8, 2),
(112, 18, 'Program peningkatan peran serta dan kesetaraan jender dalam pembangunan', '', 1, 0, 2, 2017, 17, 2, 2),
(113, 19, 'Program promosi kesehatan ibu, bayi dan anak melalui kelompok kegiatan dimasyarakat', '', 1, 0, 2, 2017, 18, 8, 2),
(114, 20, 'Program pengembangan pusat pelayanan informasi dan konseling KRR', '', 1, 0, 2, 2017, 18, 8, 2),
(115, 21, 'Program peningkatan penanggulangan narkoba, PMS termasuk HIV/AIDS', '', 1, 0, 2, 2017, 18, 8, 2),
(116, 22, 'Program pengembangan bahan informasi tentang pengasuhan dan pembinaan tumbuh kembang anak', '', 1, 0, 2, 2017, 18, 8, 2),
(117, 23, 'Program penyiapan tenaga pedamping kelompok bina keluarga', '', 1, 0, 2, 2017, 18, 8, 2),
(118, 24, 'Program pengembangan model operasional BKB-Posyandu-PADU', '', 1, 0, 2, 2017, 18, 8, 2),
(119, 1, 'Program Pelayanan Administrasi Perkantoran', '', 1, 0, 2, 2017, 19, 3, 2),
(120, 2, 'Program Peningkatan Sarana dan Prasarana Aparatur', '', 1, 0, 2, 2017, 19, 3, 2),
(121, 3, 'Program peningkatan disiplin aparatur', '', 1, 0, 2, 2017, 19, 3, 2),
(122, 16, 'Program Peningkatan Ketahan Pangan (pertanian/perkebunan)', '', 1, 0, 2, 2017, 20, 3, 3),
(123, 0, '', '', 1, 0, 1, 2017, 20, 4, 2),
(124, 1, 'Program Pelayanan Administrasi Perkantoran', '', 1, 0, 2, 2017, 21, 4, 2),
(125, 2, 'Program Peningkatan Sarana dan Prasarana Aparatur', '', 1, 0, 2, 2017, 21, 4, 2),
(126, 3, 'Program peningkatan disiplin aparatur', '', 1, 0, 2, 2017, 21, 4, 2),
(127, 15, 'Program pembangunan sistem pendaftaran tanah', '', 1, 0, 2, 2017, 21, 4, 2),
(128, 16, 'Program penataan penguasaan, pemilikan, penggunaan dan pemanfaatan tanah', '', 1, 0, 2, 2017, 21, 4, 2),
(129, 17, 'Program penyelesaian konflik-konflik pertanahan', '', 1, 0, 2, 2017, 21, 4, 2),
(130, 1, 'Program Pelayanan Administrasi Perkantoran', '', 1, 0, 2, 2017, 22, 5, 2),
(131, 2, 'Program Peningkatan Sarana dan Prasarana Aparatur', '', 1, 0, 2, 2017, 22, 5, 2),
(132, 3, 'Program peningkatan disiplin aparatur', '', 1, 0, 2, 2017, 22, 5, 2),
(133, 5, 'Program Peningkatan Kapasitas Sumber Daya Aparatur', '', 1, 0, 2, 2017, 22, 5, 2),
(134, 15, 'Program Pengembangan Kinerja Pengelolaan Persampahan', '', 1, 0, 2, 2017, 22, 5, 2),
(135, 16, 'Program Pengendalian Pencemaran dan Perusakan Lingkungan Hidup', '', 1, 0, 2, 2017, 22, 5, 2),
(136, 16, 'Program rehabilitasi hutan dan lahan', '', 1, 0, 2, 2017, 23, 4, 3),
(137, 17, 'Program Perlindungan dan Konservasi Sumber Daya Alam', '', 1, 0, 2, 2017, 22, 5, 2),
(138, 19, 'Program Peningkatan Kualitas dan Akses Informasi Sumber Daya Alam dan Lingkungan Hidup', '', 1, 0, 2, 2017, 22, 5, 2),
(139, 20, 'Program peningkatan pengendalian polusi', '', 1, 0, 2, 2017, 22, 5, 2),
(140, 21, 'Program Penataan Kawasan Hutan', '', 1, 0, 2, 2017, 23, 4, 3),
(141, 1, 'Program Pelayanan Administrasi Perkantoran', '', 1, 0, 2, 2017, 24, 6, 2),
(142, 2, 'Program Peningkatan Sarana dan Prasarana Aparatur', '', 1, 0, 2, 2017, 24, 6, 2),
(143, 3, 'Program peningkatan disiplin aparatur', '', 1, 0, 2, 2017, 24, 6, 2),
(144, 5, 'Program Peningkatan Kapasitas Sumber Daya Aparatur', '', 1, 0, 2, 2017, 24, 6, 2),
(145, 15, 'Program Penataan Administrasi Kependudukan', '', 1, 0, 2, 2017, 24, 6, 2),
(146, 1, 'Program Pelayanan Administrasi Perkantoran', '', 1, 0, 2, 2017, 25, 7, 2),
(147, 2, 'Program Peningkatan Sarana dan Prasarana Aparatur', '', 1, 0, 2, 2017, 25, 7, 2),
(148, 3, 'Program peningkatan disiplin aparatur', '', 1, 0, 2, 2017, 25, 7, 2),
(149, 16, 'Program pengembangan lembaga ekonomi pedesaan', '', 1, 0, 2, 2017, 25, 7, 2),
(150, 18, 'Program peningkatan kapasitas aparatur pemerintah desa', '', 1, 0, 2, 2017, 25, 7, 2),
(151, 19, 'Program peningkatan peran perempuan di perdesaan', '', 1, 0, 2, 2017, 25, 7, 2),
(152, 20, 'program Promosi kesehatan dan Pemberdayaan Masyarakat', '', 1, 0, 2, 2017, 25, 7, 2),
(153, 23, 'Program Penataan Peraturan Perundang-undangan', '', 1, 0, 2, 2017, 25, 7, 2),
(154, 24, 'Program Pembardayaan Masyarakat Desa', '', 1, 0, 2, 2017, 25, 7, 2),
(155, 0, '', '', 1, 0, 1, 2017, 25, 9, 2),
(156, 0, '', '', 1, 0, 1, 2017, 26, 9, 2),
(157, 1, 'Program Pelayanan Administrasi Perkantoran', '', 1, 0, 2, 2017, 27, 9, 2),
(158, 2, 'Program Peningkatan Sarana dan Prasarana Aparatur', '', 1, 0, 2, 2017, 27, 9, 2),
(159, 3, 'Program peningkatan disiplin aparatur', '', 1, 0, 2, 2017, 27, 9, 2),
(160, 5, 'Program Peningkatan Kapasitas Sumber Daya Aparatur', '', 1, 0, 2, 2017, 27, 9, 2),
(161, 15, 'Program Pembangunan Prasarana dan Fasilitas Perhubungan', '', 1, 0, 2, 2017, 27, 9, 2),
(162, 17, 'Pogram peningkatan pelayanan angkutan', '', 1, 0, 2, 2017, 27, 9, 2),
(163, 19, 'Program pengendalian dan pengamanan lalu lintas', '', 1, 0, 2, 2017, 27, 9, 2),
(164, 20, 'Program peningkatan kelaikan pengoperasian kendaraan bermotor', '', 1, 0, 2, 2017, 27, 9, 2),
(165, 1, 'Program Pelayanan Administrasi Perkantoran', '', 1, 0, 2, 2017, 28, 10, 2),
(166, 2, 'Program Peningkatan Sarana dan Prasarana Aparatur', '', 1, 0, 2, 2017, 28, 10, 2),
(167, 3, 'Program peningkatan disiplin aparatur', '', 1, 0, 2, 2017, 28, 10, 2),
(168, 15, 'Program pengembangan data/informasi/statistik daerah', '', 1, 0, 2, 2017, 29, 14, 2),
(169, 15, 'Program Pengembangan Komunikasi, Informasi dan Media Massa', '', 1, 0, 2, 2017, 28, 10, 2),
(170, 18, 'Program kerjasama informasi dengan mas media', '', 1, 0, 2, 2017, 28, 10, 2),
(171, 1, 'Program Pelayanan Administrasi Perkantoran', '', 1, 0, 2, 2017, 30, 10, 2),
(172, 2, 'Program Peningkatan Sarana dan Prasarana Aparatur', '', 1, 0, 2, 2017, 30, 10, 2),
(173, 5, 'Program Peningkatan Kapasitas Sumber Daya Aparatur', '', 1, 0, 2, 2017, 30, 10, 2),
(174, 15, 'Program Pengembangan Komunikasi, Informasi dan Media Massa', '', 1, 0, 2, 2017, 30, 10, 2),
(175, 18, 'Program kerjasama informasi dengan mas media', '', 1, 0, 2, 2017, 30, 10, 2),
(176, 1, 'Program Pelayanan Administrasi Perkantoran', '', 1, 0, 2, 2017, 31, 11, 2),
(177, 2, 'Program Peningkatan Sarana dan Prasarana Aparatur', '', 1, 0, 2, 2017, 31, 11, 2),
(178, 3, 'Program peningkatan disiplin aparatur', '', 1, 0, 2, 2017, 31, 11, 2),
(179, 15, 'Program penciptaan iklim usaha Usaha Kecil Menengah yang konduksif', '', 1, 0, 2, 2017, 31, 11, 2),
(180, 16, 'Program Pengembangan Kewirausahaan dan Keunggulan Kompetitif Usaha Kecil Menengah', '', 1, 0, 2, 2017, 31, 11, 2),
(181, 17, 'Program Pengembangan Sistem Pendukung Usaha Bagi Usaha Mikro Kecil Menengah', '', 1, 0, 2, 2017, 31, 11, 2),
(182, 18, 'Program Peningkatan Kualitas Kelembagaan Koperasi', '', 1, 0, 2, 2017, 31, 11, 2),
(183, 0, '', '', 1, 0, 1, 2017, 31, 12, 2),
(184, 0, '', '', 1, 0, 1, 2017, 32, 12, 2),
(185, 1, 'Program Pelayanan Administrasi Perkantoran', '', 1, 0, 2, 2017, 33, 12, 2),
(186, 2, 'Program Peningkatan Sarana dan Prasarana Aparatur', '', 1, 0, 2, 2017, 33, 12, 2),
(187, 3, 'Program peningkatan disiplin aparatur', '', 1, 0, 2, 2017, 33, 12, 2),
(188, 5, 'Program Peningkatan Kapasitas Sumber Daya Aparatur', '', 1, 0, 2, 2017, 33, 12, 2),
(189, 15, 'Program Peningkatan Promosi dan Kerjasama Investasi', '', 1, 0, 2, 2017, 33, 12, 2),
(190, 16, 'Program Peningkatan Iklim Investasi dan Realisasi Investasi', '', 1, 0, 2, 2017, 33, 12, 2),
(191, 18, 'Peningkatan Mutu Layanan dan Informasi', '', 1, 0, 2, 2017, 33, 12, 2),
(192, 1, 'Program Pelayanan Administrasi Perkantoran', '', 1, 0, 2, 2017, 34, 13, 2),
(193, 2, 'Program Peningkatan Sarana dan Prasarana Aparatur', '', 1, 0, 2, 2017, 34, 13, 2),
(194, 3, 'Program peningkatan disiplin aparatur', '', 1, 0, 2, 2017, 34, 13, 2),
(195, 15, 'Program Pengembangan dan Keserasian Kebijakan Pemuda', '', 1, 0, 2, 2017, 34, 13, 2),
(196, 16, 'Program peningkatan peran serta kepemudaan', '', 1, 0, 2, 2017, 34, 13, 2),
(197, 20, 'Program Pembinaan dan Pemasyarakatan Olah Raga', '', 1, 0, 2, 2017, 34, 13, 2),
(198, 1, 'Program Pelayanan Administrasi Perkantoran', '', 1, 0, 2, 2017, 35, 18, 2),
(199, 2, 'Program Peningkatan Sarana dan Prasarana Aparatur', '', 1, 0, 2, 2017, 35, 18, 2),
(200, 3, 'Program peningkatan disiplin aparatur', '', 1, 0, 2, 2017, 35, 18, 2),
(201, 5, 'Program Peningkatan Kapasitas Sumber Daya Aparatur', '', 1, 0, 2, 2017, 35, 18, 2),
(202, 16, 'Program penyelamatan dan pelestarian dokumen/arsip daerah', '', 1, 0, 2, 2017, 35, 18, 2),
(203, 17, 'Program pemeliharaan rutin/berkala sarana dan prasarana kearsipan', '', 1, 0, 2, 2017, 35, 18, 2),
(204, 21, 'Program Pengembangan Budaya Baca dan Pembinaan Perpustakaan', '', 1, 0, 2, 2017, 36, 1, 1),
(205, 1, 'Program Pelayanan Administrasi Perkantoran', '', 1, 0, 2, 2017, 37, 1, 3),
(206, 2, 'Program Peningkatan Sarana dan Prasarana Aparatur', '', 1, 0, 2, 2017, 37, 1, 3),
(207, 3, 'Program peningkatan disiplin aparatur', '', 1, 0, 2, 2017, 37, 1, 3),
(208, 15, 'Program pemberdayaan ekonomi masyarakat pesisir', '', 1, 0, 2, 2017, 37, 1, 3),
(209, 20, 'Program pengembangan budidaya perikanan', '', 1, 0, 2, 2017, 37, 1, 3),
(210, 21, 'Program pengembangan perikanan tangkap', '', 1, 0, 2, 2017, 37, 1, 3),
(211, 22, 'Program pengembangan sistem penyuluhan perikanan', '', 1, 0, 2, 2017, 37, 1, 3),
(212, 23, 'Program Optimalisasi pengelolaan dan pemasaran produksi perikanan', '', 1, 0, 2, 2017, 37, 1, 3),
(213, 24, 'Program pengembangan kawasan budidaya laut, air payau dan air tawar', '', 1, 0, 2, 2017, 37, 1, 3),
(214, 0, '', '', 1, 0, 1, 2017, 37, 2, 3),
(215, 1, 'Program Pelayanan Administrasi Perkantoran', '', 1, 0, 2, 2017, 38, 2, 3),
(216, 2, 'Program Peningkatan Sarana dan Prasarana Aparatur', '', 1, 0, 2, 2017, 38, 2, 3),
(217, 3, 'Program peningkatan disiplin aparatur', '', 1, 0, 2, 2017, 38, 2, 3),
(218, 15, 'Program pengembangan pemasaran pariwisata', '', 1, 0, 2, 2017, 38, 2, 3),
(219, 16, 'Program pengembangan destinasi pariwisata', '', 1, 0, 2, 2017, 38, 2, 3),
(220, 17, 'Program pengembangan Kemitraan', '', 1, 0, 2, 2017, 38, 2, 3),
(221, 1, 'Program Pelayanan Administrasi Perkantoran', '', 1, 0, 2, 2017, 39, 3, 3),
(222, 2, 'Program Peningkatan Sarana dan Prasarana Aparatur', '', 1, 0, 2, 2017, 39, 3, 3),
(223, 3, 'Program peningkatan disiplin aparatur', '', 1, 0, 2, 2017, 39, 3, 3),
(224, 15, 'Program Peningkatan Kesejahteraan Petani', '', 1, 0, 2, 2017, 39, 3, 3),
(225, 16, 'Program Peningkatan Ketahan Pangan (pertanian/perkebunan)', '', 1, 0, 2, 2017, 39, 3, 3),
(226, 17, 'Program peningkatan pemasaran hasil produksi pertanian/perkebunan', '', 1, 0, 2, 2017, 39, 3, 3),
(227, 18, 'Program peningkatan penerapan teknologi pertanian/perkebunan', '', 1, 0, 2, 2017, 39, 3, 3),
(228, 19, 'Program peningkatan produksi pertanian/perkebunan', '', 1, 0, 2, 2017, 39, 3, 3),
(229, 0, '', '', 1, 0, 1, 2017, 39, 3, 3),
(230, 0, '', '', 1, 0, 1, 2017, 40, 3, 3),
(231, 1, 'Program Pelayanan Administrasi Perkantoran', '', 1, 0, 2, 2017, 41, 3, 3),
(232, 2, 'Program Peningkatan Sarana dan Prasarana Aparatur', '', 1, 0, 2, 2017, 41, 3, 3),
(233, 3, 'Program peningkatan disiplin aparatur', '', 1, 0, 2, 2017, 41, 3, 3),
(234, 5, 'Program Peningkatan Kapasitas Sumber Daya Aparatur', '', 1, 0, 2, 2017, 41, 3, 3),
(235, 21, 'Program pencegahan dan penanggulangan penyakit ternak', '', 1, 0, 2, 2017, 41, 3, 3),
(236, 22, 'Program peningkatan produksi hasil peternakan', '', 1, 0, 2, 2017, 41, 3, 3),
(237, 23, 'Program peningkatan pemasaran hasil produksi peternakan', '', 1, 0, 2, 2017, 41, 3, 3),
(238, 24, 'Program peningkatan penerapan teknologi peternakan', '', 1, 0, 2, 2017, 41, 3, 3),
(239, 1, 'Program Pelayanan Administrasi Perkantoran', '', 1, 0, 2, 2017, 42, 3, 3),
(240, 2, 'Program Peningkatan Sarana dan Prasarana Aparatur', '', 1, 0, 2, 2017, 42, 3, 3),
(241, 3, 'Program peningkatan disiplin aparatur', '', 1, 0, 2, 2017, 42, 3, 3),
(242, 5, 'Program Peningkatan Kapasitas Sumber Daya Aparatur', '', 1, 0, 2, 2017, 42, 3, 3),
(243, 15, 'Program Peningkatan Kesejahteraan Petani', '', 1, 0, 2, 2017, 42, 3, 3),
(244, 16, 'Program Peningkatan Ketahan Pangan (pertanian/perkebunan)', '', 1, 0, 2, 2017, 42, 3, 3),
(245, 17, 'Program peningkatan pemasaran hasil produksi pertanian/perkebunan', '', 1, 0, 2, 2017, 42, 3, 3),
(246, 18, 'Program peningkatan penerapan teknologi pertanian/perkebunan', '', 1, 0, 2, 2017, 42, 3, 3),
(247, 20, 'Program pemberdayaan penyuluh pertanian/perkebunan lapangan', '', 1, 0, 2, 2017, 42, 3, 3),
(248, 0, '', '', 1, 0, 1, 2017, 42, 7, 3),
(249, 1, 'Program Pelayanan Administrasi Perkantoran', '', 1, 0, 2, 2017, 43, 7, 3),
(250, 2, 'Program Peningkatan Sarana dan Prasarana Aparatur', '', 1, 0, 2, 2017, 43, 7, 3),
(251, 3, 'Program peningkatan disiplin aparatur', '', 1, 0, 2, 2017, 43, 7, 3),
(252, 5, 'Program Peningkatan Kapasitas Sumber Daya Aparatur', '', 1, 0, 2, 2017, 43, 7, 3),
(253, 15, 'Program perlindungan konsumen dan pengamanan perdagangan', '', 1, 0, 2, 2017, 44, 6, 3),
(254, 16, 'Program pengembangan industri kecil dan menengah', '', 1, 0, 2, 2017, 43, 7, 3),
(255, 17, 'Program peningkatan dan pengembangan ekspor', '', 1, 0, 2, 2017, 44, 6, 3),
(256, 18, 'Program peningkatan efisiensi perdagangan dalam negeri', '', 1, 0, 2, 2017, 44, 6, 3),
(257, 0, '', '', 1, 0, 1, 2017, 45, 1, 4),
(258, 0, '', '', 1, 0, 1, 2017, 46, 1, 4),
(259, 1, 'Program Pelayanan Administrasi Perkantoran', '', 1, 0, 2, 2017, 47, 1, 4),
(260, 2, 'Program Peningkatan Sarana dan Prasarana Aparatur', '', 1, 0, 2, 2017, 47, 1, 4),
(261, 3, 'Program peningkatan disiplin aparatur', '', 1, 0, 2, 2017, 47, 1, 4),
(262, 3, 'Program Peningkatan Kapasitas Sumber Daya Aparatur', '', 1, 0, 2, 2017, 47, 1, 4),
(263, 4, 'Program Peningkatan Sistem Pengawasan Internal dan Pengendalian Pelaksanaan Kebijakan KDH', '', 1, 0, 2, 2017, 47, 1, 4),
(264, 5, 'Program Penataan Peraturan Perundang-undangan', '', 1, 0, 2, 2017, 47, 1, 4),
(265, 7, 'Program Peningkatan dan Pengembangan Ekspor', '', 1, 0, 2, 2017, 47, 1, 4),
(266, 8, 'Program Penataan Peraturan Perundang- Undangan', '', 1, 0, 2, 2017, 47, 1, 4),
(267, 15, 'Program Peningkatan Keberdayaan Masyarakat Perdesaan', '', 1, 0, 2, 2017, 48, 7, 2),
(268, 16, 'Program peningkatan pelayanan kedinasan kepala daerah/wakil kepala daerah', '', 1, 0, 2, 2017, 47, 1, 4),
(269, 16, 'Program peningkatan peran serta kepemudaan', '', 1, 0, 2, 2017, 49, 13, 2),
(270, 16, 'Program Upaya Kesehatan Masyarakat', '', 1, 0, 2, 2017, 50, 2, 1),
(271, 17, 'Program pengembangan wawasan kebangsaan', '', 1, 0, 2, 2017, 51, 5, 1),
(272, 17, 'Program peningkatan partisipasi masyarakat dalam membangun desa', '', 1, 0, 2, 2017, 48, 7, 2),
(273, 17, 'Program Perlindungan dan Konservasi Sumber Daya Alam', '', 1, 0, 2, 2017, 52, 5, 2),
(274, 18, 'Program kemitraan pengembangan wawasan kebangsaan', '', 1, 0, 2, 2017, 51, 5, 1),
(275, 18, 'Program kerjasama informasi dengan mas media', '', 1, 0, 2, 2017, 53, 10, 2),
(276, 18, 'Program peningkatan peran serta dan kesetaraan jender dalam pembangunan', '', 1, 0, 2, 2017, 54, 2, 2),
(277, 19, 'Program Peningkatan Kualitas dan Akses Informasi Sumber Daya Alam dan Lingkungan Hidup', '', 1, 0, 2, 2017, 52, 5, 2),
(278, 21, 'Program perencanaan pembangunan daerah', '', 1, 0, 2, 2017, 55, 3, 4),
(279, 27, 'Program Penataan Daerah Otonomi Baru', '', 1, 0, 2, 2017, 47, 1, 4),
(280, 28, 'Program Penguatan Manajemen Organisasi Perangkat Daerah', '', 1, 0, 2, 2017, 47, 1, 4),
(281, 29, 'Program Penataan Kelembagaan Perangkat Daerah', '', 1, 0, 2, 2017, 47, 1, 4),
(282, 30, 'Program Pembinaan dan Pengembangan Aparatur', '', 1, 0, 2, 2017, 47, 1, 4),
(283, 31, 'Program Pembinaan, Pengembangan dan Perlindungan KORPRI', '', 1, 0, 2, 2017, 47, 1, 4),
(284, 0, '', '', 1, 0, 1, 2017, 56, 1, 4),
(285, 1, 'Program Pelayanan Administrasi Perkantoran', '', 1, 0, 2, 2017, 57, 1, 4),
(286, 2, 'Program Peningkatan Sarana dan Prasarana Aparatur', '', 1, 0, 2, 2017, 57, 1, 4),
(287, 3, 'Program peningkatan disiplin aparatur', '', 1, 0, 2, 2017, 57, 1, 4),
(288, 5, 'Program Peningkatan Kapasitas Sumber Daya Aparatur', '', 1, 0, 2, 2017, 57, 1, 4),
(289, 15, 'Program peningkatan kapasitas lembaga perwakilan rakyat daerah', '', 1, 0, 2, 2017, 57, 1, 4),
(290, 1, 'Program Pelayanan Administrasi Perkantoran', '', 1, 0, 2, 2017, 58, 1, 4),
(291, 2, 'Program Peningkatan Sarana dan Prasarana Aparatur', '', 1, 0, 2, 2017, 58, 1, 4),
(292, 3, 'Program peningkatan disiplin aparatur', '', 1, 0, 2, 2017, 58, 1, 4),
(293, 15, 'Program Peningkatan Promosi dan Kerjasama Investasi', '', 1, 0, 2, 2017, 59, 12, 2),
(294, 17, 'Program Pengembangan Wilayah Perbatasan', '', 1, 0, 2, 2017, 60, 3, 4),
(295, 1, 'Program Pelayanan Administrasi Perkantoran', '', 1, 0, 2, 2017, 61, 1, 4),
(296, 2, 'Program Peningkatan Sarana dan Prasarana Aparatur', '', 1, 0, 2, 2017, 61, 1, 4),
(297, 3, 'Program peningkatan disiplin aparatur', '', 1, 0, 2, 2017, 61, 1, 4),
(298, 5, 'Program Peningkatan Kapasitas Sumber Daya Aparatur', '', 1, 0, 2, 2017, 61, 1, 4),
(299, 28, 'Program Koordinasi Penanggulangan Masalah Kebencanaan', '', 1, 0, 2, 2017, 62, 5, 1),
(300, 30, 'Program Pencegahan Dini dan Penanggulangan Korban Bencana', '', 1, 0, 2, 2017, 62, 5, 1),
(301, 1, 'Program Pelayanan Administrasi Perkantoran', '', 1, 0, 2, 2017, 63, 1, 4),
(302, 2, 'Program Peningkatan Sarana dan Prasarana Aparatur', '', 1, 0, 2, 2017, 63, 1, 4),
(303, 3, 'Program peningkatan disiplin aparatur', '', 1, 0, 2, 2017, 63, 1, 4),
(304, 5, 'Program Peningkatan Kapasitas Sumber Daya Aparatur', '', 1, 0, 2, 2017, 63, 1, 4),
(305, 16, 'Program Peningkatan Peran Serta Kepemudaan', '', 1, 0, 2, 2017, 63, 1, 4),
(306, 1, 'Program Pelayanan Administrasi Perkantoran', '', 1, 0, 2, 2017, 64, 1, 4),
(307, 2, 'Program Peningkatan Sarana dan Prasarana Aparatur', '', 1, 0, 2, 2017, 64, 1, 4),
(308, 3, 'Program peningkatan disiplin aparatur', '', 1, 0, 2, 2017, 64, 1, 4),
(309, 5, 'Program Peningkatan Kapasitas Sumber Daya Aparatur', '', 1, 0, 2, 2017, 64, 1, 4),
(310, 16, 'Program peningkatan peran serta kepemudaan', '', 1, 0, 2, 2017, 65, 13, 2),
(311, 1, 'Program Pelayanan Administrasi Perkantoran', '', 1, 0, 2, 2017, 66, 1, 4),
(312, 2, 'Program Peningkatan Sarana dan Prasarana Aparatur', '', 1, 0, 2, 2017, 66, 1, 4),
(313, 3, 'Program peningkatan disiplin aparatur', '', 1, 0, 2, 2017, 66, 1, 4),
(314, 5, 'Program Peningkatan Kapasitas Sumber Daya Aparatur', '', 1, 0, 2, 2017, 66, 1, 4),
(315, 16, 'Program peningkatan peran serta kepemudaan', '', 1, 0, 2, 2017, 67, 13, 2),
(316, 1, 'Program Pelayanan Administrasi Perkantoran', '', 1, 0, 2, 2017, 68, 1, 4),
(317, 2, 'Program Peningkatan Sarana dan Prasarana Aparatur', '', 1, 0, 2, 2017, 68, 1, 4),
(318, 3, 'Program peningkatan disiplin aparatur', '', 1, 0, 2, 2017, 68, 1, 4),
(319, 5, 'Program Peningkatan Kapasitas Sumber Daya Aparatur', '', 1, 0, 2, 2017, 68, 1, 4),
(320, 16, 'Program Peningkatan peran serta kepemudaan', '', 1, 0, 2, 2017, 68, 1, 4),
(321, 1, 'Program Pelayanan Administrasi Perkantoran', '', 1, 0, 2, 2017, 69, 1, 4),
(322, 2, 'Program Peningkatan Sarana dan Prasarana Aparatur', '', 1, 0, 2, 2017, 69, 1, 4),
(323, 3, 'Program peningkatan disiplin aparatur', '', 1, 0, 2, 2017, 69, 1, 4),
(324, 5, 'Program Peningkatan Kapasitas Sumber Daya Aparatur', '', 1, 0, 2, 2017, 69, 1, 4),
(325, 16, 'Program peningkatan peran serta kepemudaan', '', 1, 0, 2, 2017, 69, 1, 4),
(326, 1, 'Program Pelayanan Administrasi Perkantoran', '', 1, 0, 2, 2017, 70, 1, 4),
(327, 2, 'Program Peningkatan Sarana dan Prasarana Aparatur', '', 1, 0, 2, 2017, 70, 1, 4),
(328, 3, 'Program peningkatan disiplin aparatur', '', 1, 0, 2, 2017, 70, 1, 4),
(329, 5, 'Program Peningkatan Kapasitas Sumber Daya Aparatur', '', 1, 0, 2, 2017, 70, 1, 4),
(330, 16, 'Program peningkatan peran serta kepemudaan', '', 1, 0, 2, 2017, 71, 13, 2),
(331, 1, 'Program Pelayanan Administrasi Perkantoran', '', 1, 0, 2, 2017, 72, 1, 4),
(332, 2, 'Program Peningkatan Sarana dan Prasarana Aparatur', '', 1, 0, 2, 2017, 72, 1, 4),
(333, 3, 'Program peningkatan disiplin aparatur', '', 1, 0, 2, 2017, 72, 1, 4),
(334, 5, 'Program Peningkatan Kapasitas Sumber Daya Aparatur', '', 1, 0, 2, 2017, 72, 1, 4),
(335, 16, 'Program peningkatan peran serta kepemudaan', '', 1, 0, 2, 2017, 73, 13, 2),
(336, 1, 'Program Pelayanan Administrasi Perkantoran', '', 1, 0, 2, 2017, 74, 1, 4),
(337, 2, 'Program Peningkatan Sarana dan Prasarana Aparatur', '', 1, 0, 2, 2017, 74, 1, 4),
(338, 3, 'Program peningkatan disiplin aparatur', '', 1, 0, 2, 2017, 74, 1, 4),
(339, 5, 'Program Peningkatan Kapasitas Sumber Daya Aparatur', '', 1, 0, 2, 2017, 74, 1, 4),
(340, 16, 'Program peningkatan peran serta kepemudaan', '', 1, 0, 2, 2017, 75, 13, 2),
(341, 1, 'Program Pelayanan Administrasi Perkantoran', '', 1, 0, 2, 2017, 76, 1, 4),
(342, 2, 'Program Peningkatan Sarana dan Prasarana Aparatur', '', 1, 0, 2, 2017, 76, 1, 4),
(343, 3, 'Program peningkatan disiplin aparatur', '', 1, 0, 2, 2017, 76, 1, 4),
(344, 5, 'Program Peningkatan Kapasitas Sumber Daya Aparatur', '', 1, 0, 2, 2017, 76, 1, 4),
(345, 16, 'Pogram Peningkatan Peran Serta Kepemudaan', '', 1, 0, 2, 2017, 76, 1, 4),
(346, 1, 'Program Pelayanan Administrasi Perkantoran', '', 1, 0, 2, 2017, 77, 1, 4),
(347, 2, 'Program Peningkatan Sarana dan Prasarana Aparatur', '', 1, 0, 2, 2017, 77, 1, 4),
(348, 3, 'Program peningkatan disiplin aparatur', '', 1, 0, 2, 2017, 77, 1, 4),
(349, 5, 'Program Peningkatan Kapasitas Sumber Daya Aparatur', '', 1, 0, 2, 2017, 77, 1, 4),
(350, 16, 'Program peningkatan peran serta kepemudaan', '', 1, 0, 2, 2017, 78, 13, 2),
(351, 1, 'Program Pelayanan Administrasi Perkantoran', '', 1, 0, 2, 2017, 79, 1, 4),
(352, 2, 'Program Peningkatan Sarana dan Prasarana Aparatur', '', 1, 0, 2, 2017, 79, 1, 4),
(353, 3, 'Program peningkatan disiplin aparatur', '', 1, 0, 2, 2017, 79, 1, 4),
(354, 5, 'Program Peningkatan Kapasitas Sumber Daya Aparatur', '', 1, 0, 2, 2017, 79, 1, 4),
(355, 16, 'Program peningkatan peran serta kepemudaan', '', 1, 0, 2, 2017, 80, 13, 2),
(356, 1, 'Program Pelayanan Administrasi Perkantoran', '', 1, 0, 2, 2017, 81, 1, 4),
(357, 2, 'Program Peningkatan Sarana dan Prasarana Aparatur', '', 1, 0, 2, 2017, 81, 1, 4),
(358, 3, 'Program peningkatan disiplin aparatur', '', 1, 0, 2, 2017, 81, 1, 4),
(359, 5, 'Program Peningkatan Kapasitas Sumber Daya Aparatur', '', 1, 0, 2, 2017, 81, 1, 4),
(360, 16, 'Program peningkatan peran serta kepemudaan', '', 1, 0, 2, 2017, 82, 13, 2),
(361, 1, 'Program Pelayanan Administrasi Perkantoran', '', 1, 0, 2, 2017, 83, 1, 4),
(362, 2, 'Program Peningkatan Sarana dan Prasarana Aparatur', '', 1, 0, 2, 2017, 83, 1, 4),
(363, 3, 'Program peningkatan disiplin aparatur', '', 1, 0, 2, 2017, 83, 1, 4),
(364, 5, 'Program Peningkatan Kapasitas Sumber Daya Aparatur', '', 1, 0, 2, 2017, 83, 1, 4),
(365, 16, 'Program peningkatan peran serta kepemudaan', '', 1, 0, 2, 2017, 84, 13, 2),
(366, 1, 'Program Pelayanan Administrasi Perkantoran', '', 1, 0, 2, 2017, 85, 1, 4),
(367, 2, 'Program Peningkatan Sarana dan Prasarana Aparatur', '', 1, 0, 2, 2017, 85, 1, 4),
(368, 3, 'Program peningkatan disiplin aparatur', '', 1, 0, 2, 2017, 85, 1, 4),
(369, 5, 'Program Peningkatan Kapasitas Sumber Daya Aparatur', '', 1, 0, 2, 2017, 85, 1, 4),
(370, 16, 'Program peningkatan peran serta kepemudaan', '', 1, 0, 2, 2017, 86, 13, 2),
(371, 1, 'Program Pelayanan Administrasi Perkantoran', '', 1, 0, 2, 2017, 87, 1, 4),
(372, 2, 'Program Peningkatan Sarana dan Prasarana Aparatur', '', 1, 0, 2, 2017, 87, 1, 4),
(373, 3, 'Program peningkatan disiplin aparatur', '', 1, 0, 2, 2017, 87, 1, 4),
(374, 5, 'Program Peningkatan Kapasitas Sumber Daya Aparatur', '', 1, 0, 2, 2017, 87, 1, 4),
(375, 16, 'Program peningkatan peran serta kepemudaan', '', 1, 0, 2, 2017, 88, 13, 2),
(376, 1, 'Program Pelayanan Administrasi Perkantoran', '', 1, 0, 2, 2017, 89, 1, 4),
(377, 2, 'Program Peningkatan Sarana dan Prasarana Aparatur', '', 1, 0, 2, 2017, 89, 1, 4),
(378, 3, 'Program peningkatan disiplin aparatur', '', 1, 0, 2, 2017, 89, 1, 4),
(379, 5, 'Program Peningkatan Kapasitas Sumber Daya Aparatur', '', 1, 0, 2, 2017, 89, 1, 4),
(380, 16, 'Program peningkatan peran serta kepemudaan', '', 1, 0, 2, 2017, 90, 13, 2),
(381, 1, 'Program Pelayanan Administrasi Perkantoran', '', 1, 0, 2, 2017, 91, 1, 4),
(382, 2, 'Program Peningkatan Sarana dan Prasarana Aparatur', '', 1, 0, 2, 2017, 91, 1, 4),
(383, 3, 'Program peningkatan disiplin aparatur', '', 1, 0, 2, 2017, 91, 1, 4),
(384, 5, 'Program Peningkatan Kapasitas Sumber Daya Aparatur', '', 1, 0, 2, 2017, 91, 1, 4),
(385, 16, 'Program Peningkatan Peran Serta Kepemudaan', '', 1, 0, 2, 2017, 91, 1, 4),
(386, 1, 'Program Pelayanan Administrasi Perkantoran', '', 1, 0, 2, 2017, 92, 1, 4),
(387, 2, 'Program Peningkatan Sarana dan Prasarana Aparatur', '', 1, 0, 2, 2017, 92, 1, 4),
(388, 3, 'Program peningkatan disiplin aparatur', '', 1, 0, 2, 2017, 92, 1, 4),
(389, 5, 'Program Peningkatan Kapasitas Sumber Daya Aparatur', '', 1, 0, 2, 2017, 92, 1, 4),
(390, 16, 'Program Peningkatan Peran Serta Kepemudaan', '', 1, 0, 2, 2017, 92, 1, 4),
(391, 1, 'Program Pelayanan Administrasi Perkantoran', '', 1, 0, 2, 2017, 93, 1, 4),
(392, 2, 'Program Peningkatan Sarana dan Prasarana Aparatur', '', 1, 0, 2, 2017, 93, 1, 4),
(393, 3, 'Program peningkatan disiplin aparatur', '', 1, 0, 2, 2017, 93, 1, 4),
(394, 5, 'Program Peningkatan Kapasitas Sumber Daya Aparatur', '', 1, 0, 2, 2017, 93, 1, 4),
(395, 16, 'Program peningkatan peran serta kepemudaan', '', 1, 0, 2, 2017, 94, 13, 2),
(396, 1, 'Program Pelayanan Administrasi Perkantoran', '', 1, 0, 2, 2017, 95, 1, 4),
(397, 2, 'Program Peningkatan Sarana dan Prasarana Aparatur', '', 1, 0, 2, 2017, 95, 1, 4),
(398, 3, 'Program peningkatan disiplin aparatur', '', 1, 0, 2, 2017, 95, 1, 4),
(399, 5, 'Program Peningkatan Kapasitas Sumber Daya Aparatur', '', 1, 0, 2, 2017, 95, 1, 4),
(400, 16, 'Program peningkatan peran serta kepemudaan', '', 1, 0, 2, 2017, 95, 1, 4),
(401, 1, 'Program Pelayanan Administrasi Perkantoran', '', 1, 0, 2, 2017, 96, 1, 4),
(402, 2, 'Program Peningkatan Sarana dan Prasarana Aparatur', '', 1, 0, 2, 2017, 96, 1, 4),
(403, 3, 'Program peningkatan disiplin aparatur', '', 1, 0, 2, 2017, 96, 1, 4),
(404, 5, 'Program Peningkatan Kapasitas Sumber Daya Aparatur', '', 1, 0, 2, 2017, 96, 1, 4),
(405, 16, 'Program peningkatan peran serta kepemudaan', '', 1, 0, 2, 2017, 97, 13, 2),
(406, 1, 'Program Pelayanan Administrasi Perkantoran', '', 1, 0, 2, 2017, 98, 1, 4),
(407, 2, 'Program Peningkatan Sarana dan Prasarana Aparatur', '', 1, 0, 2, 2017, 98, 1, 4),
(408, 3, 'Program peningkatan disiplin aparatur', '', 1, 0, 2, 2017, 98, 1, 4),
(409, 5, 'Program Peningkatan Kapasitas Sumber Daya Aparatur', '', 1, 0, 2, 2017, 98, 1, 4),
(410, 16, 'Program peningkatan peran serta kepemudaan', '', 1, 0, 2, 2017, 99, 13, 2),
(411, 1, 'Program Pelayanan Administrasi Perkantoran', '', 1, 0, 2, 2017, 100, 1, 4),
(412, 2, 'Program Peningkatan Sarana dan Prasarana Aparatur', '', 1, 0, 2, 2017, 100, 1, 4),
(413, 3, 'Program peningkatan disiplin aparatur', '', 1, 0, 2, 2017, 100, 1, 4),
(414, 5, 'Program Peningkatan Kapasitas Sumber Daya Aparatur', '', 1, 0, 2, 2017, 100, 1, 4),
(415, 16, 'Program peningkatan peran serta kepemudaan', '', 1, 0, 2, 2017, 101, 13, 2),
(416, 1, 'Program Pelayanan Administrasi Perkantoran', '', 1, 0, 2, 2017, 102, 1, 4),
(417, 2, 'Program Peningkatan Sarana dan Prasarana Aparatur', '', 1, 0, 2, 2017, 102, 1, 4),
(418, 3, 'Program peningkatan disiplin aparatur', '', 1, 0, 2, 2017, 102, 1, 4),
(419, 5, 'Program Peningkatan Kapasitas Sumber Daya Aparatur', '', 1, 0, 2, 2017, 102, 1, 4),
(420, 16, 'Program peningkatan peran serta kepemudaan', '', 1, 0, 2, 2017, 103, 13, 2),
(421, 1, 'Program Pelayanan Administrasi Perkantoran', '', 1, 0, 2, 2017, 104, 1, 4),
(422, 2, 'Program Peningkatan Sarana dan Prasarana Aparatur', '', 1, 0, 2, 2017, 104, 1, 4),
(423, 3, 'Program peningkatan disiplin aparatur', '', 1, 0, 2, 2017, 104, 1, 4),
(424, 5, 'Program Peningkatan Kapasitas Sumber Daya Aparatur', '', 1, 0, 2, 2017, 104, 1, 4),
(425, 20, 'Program peningkatan sistem pengawasan internal dan pengendalian pelaksanaan kebijakan KDH', '', 1, 0, 2, 2017, 105, 2, 4),
(426, 1, 'Program Pelayanan Administrasi Perkantoran', '', 1, 0, 2, 2017, 106, 3, 4),
(427, 2, 'Program Peningkatan Sarana dan Prasarana Aparatur', '', 1, 0, 2, 2017, 106, 3, 4),
(428, 3, 'Program peningkatan disiplin aparatur', '', 1, 0, 2, 2017, 106, 3, 4),
(429, 15, 'Program pengembangan data/informasi', '', 1, 0, 2, 2017, 106, 3, 4),
(430, 16, 'Program Kerjasama Pembangunan', '', 1, 0, 2, 2017, 106, 3, 4),
(431, 20, 'Program peningkatan kapasitas kelembagaan perencanaan pembangunan daerah', '', 1, 0, 2, 2017, 106, 3, 4),
(432, 21, 'Program perencanaan pembangunan daerah', '', 1, 0, 2, 2017, 106, 3, 4),
(433, 22, 'Program perencanaan pembangunan ekonomi', '', 1, 0, 2, 2017, 106, 3, 4),
(434, 23, 'Program perencanaan sosial dan budaya', '', 1, 0, 2, 2017, 106, 3, 4),
(435, 0, '', '', 1, 0, 1, 2017, 106, 4, 4),
(436, 0, '', '', 1, 0, 2, 2017, 106, 4, 4),
(437, 0, '', '', 1, 0, 3, 2017, 106, 4, 4),
(438, 0, '', '', 1, 0, 1, 2017, 107, 4, 4),
(439, 0, '', '', 1, 0, 2, 2017, 107, 4, 4),
(440, 1, 'Program Pelayanan Administrasi Perkantoran', '', 1, 0, 2, 2017, 108, 4, 4),
(441, 2, 'Program Peningkatan Sarana dan Prasarana Aparatur', '', 1, 0, 2, 2017, 108, 4, 4),
(442, 3, 'Program peningkatan disiplin aparatur', '', 1, 0, 2, 2017, 108, 4, 4),
(443, 5, 'Program Peningkatan Kapasitas Sumber Daya Aparatur', '', 1, 0, 2, 2017, 108, 4, 4),
(444, 6, 'Program peningkatan pengembangan sistem pelaporan capaian kinerja dan keuangan', '', 1, 0, 2, 2017, 108, 4, 4),
(445, 17, 'Program peningkatan dan pengembangan pengelolaan keuangan daerah', '', 1, 0, 2, 2017, 108, 4, 4),
(446, 0, '', '', 1, 0, 1, 2017, 108, 4, 4),
(447, 0, '', '', 1, 0, 1, 2017, 109, 4, 4),
(448, 1, 'Program Pelayanan Administrasi Perkantoran', '', 1, 0, 2, 2017, 110, 1, 4),
(449, 2, 'Program Peningkatan Sarana dan Prasarana Aparatur', '', 1, 0, 2, 2017, 110, 1, 4),
(450, 3, 'Program peningkatan disiplin aparatur', '', 1, 0, 2, 2017, 110, 1, 4),
(451, 5, 'Program Peningkatan Kapasitas Sumber Daya Aparatur', '', 1, 0, 2, 2017, 110, 1, 4),
(452, 6, 'Program peningkatan pengembangan sistem pelaporan capaian kinerja dan keuangan', '', 1, 0, 2, 2017, 110, 1, 4),
(453, 17, 'Program peningkatan dan pengembangan pengelolaan keuangan daerah', '', 1, 0, 2, 2017, 111, 4, 4),
(454, 1, 'Program Pelayanan Administrasi Perkantoran', '', 1, 0, 2, 2017, 112, 1, 4),
(455, 2, 'Program Peningkatan Sarana dan Prasarana Aparatur', '', 1, 0, 2, 2017, 112, 1, 4),
(456, 3, 'Program peningkatan disiplin aparatur', '', 1, 0, 2, 2017, 112, 1, 4),
(457, 4, 'Program fasilitasi pindah/purna tugas PNS', '', 1, 0, 2, 2017, 112, 1, 4),
(458, 5, 'Program Peningkatan Kapasitas Sumber Daya Aparatur', '', 1, 0, 2, 2017, 112, 1, 4),
(459, 28, 'Program Pendidikan Kedinasan', '', 1, 0, 2, 2017, 113, 5, 4),
(460, 29, 'Program Peningkatan Kapasitas Sumberdaya Aparatur', '', 1, 0, 2, 2017, 113, 5, 4),
(461, 30, 'Program Pembinaan dan Pengembangan Aparatur', '', 1, 0, 2, 2017, 113, 5, 4),
(463, 462, 'testprogram', '', 1, 0, 2, 2017, 42, 3, 3),
(464, 464, 'testprogram22', '', 1, 0, 2, 2017, 42, 3, 3),
(465, 465, 'testprogram22', '', 1, 0, 2, 2017, 112, 1, 2);

-- --------------------------------------------------------

--
-- Table structure for table `ms_suburusan`
--

DROP TABLE IF EXISTS `ms_suburusan`;
CREATE TABLE IF NOT EXISTS `ms_suburusan` (
  `NO` int(11) NOT NULL AUTO_INCREMENT,
  `KODESUBURUSAN` int(11) NOT NULL,
  `NAMASUBURUSAN` varchar(255) NOT NULL,
  `NOKODEURUSAN` int(11) NOT NULL,
  `KETSUBURUSAN` text,
  `STATUS` int(11) NOT NULL DEFAULT '1',
  `PAGUSUBURUSAN` bigint(11) NOT NULL,
  `TAHUNBELANJA` int(11) NOT NULL,
  `KODEDANABELANJA` int(11) NOT NULL,
  PRIMARY KEY (`NO`)
) ENGINE=InnoDB AUTO_INCREMENT=49 DEFAULT CHARSET=latin1;

--
-- Dumping data for table `ms_suburusan`
--

INSERT INTO `ms_suburusan` (`NO`, `KODESUBURUSAN`, `NAMASUBURUSAN`, `NOKODEURUSAN`, `KETSUBURUSAN`, `STATUS`, `PAGUSUBURUSAN`, `TAHUNBELANJA`, `KODEDANABELANJA`) VALUES
(1, 1, 'Pendidikan', 1, '', 1, 0, 2017, 1),
(2, 1, 'Pendidikan', 1, '', 1, 0, 2017, 2),
(3, 16, 'Kebudayaan', 2, '', 1, 0, 2017, 2),
(4, 2, 'Kesehatan', 1, '', 1, 0, 2017, 1),
(5, 2, 'Kesehatan', 1, '', 1, 0, 2017, 2),
(6, 3, 'Pekerjaan Umum dan Penataan Ruang', 1, '', 1, 0, 2017, 1),
(7, 3, 'Pekerjaan Umum dan Penataan Ruang', 1, '', 1, 0, 2017, 2),
(8, 5, 'Ketentraman dan Ketertiban Umum serta Perlindungan Masyarakat', 1, '', 1, 0, 2017, 2),
(9, 4, 'Perumahan Rakyat dan Kawasan Pemukiman', 1, '', 1, 0, 2017, 2),
(10, 1, 'Administrasi Pemerintahan', 4, '', 1, 0, 2017, 2),
(11, 6, 'Sosial', 1, '', 1, 0, 2017, 2),
(12, 1, 'Tenaga Kerja', 2, '', 1, 0, 2017, 2),
(13, 8, 'Transmigrasi', 3, '', 1, 0, 2017, 2),
(14, 2, 'Pemberdayaan Perempuan dan Perlindungan Anak', 2, '', 1, 0, 2017, 2),
(15, 8, 'Pengendalian Penduduk dan Keluarga Berencana', 2, '', 1, 0, 2017, 2),
(16, 3, 'Pangan', 2, '', 1, 0, 2017, 2),
(17, 3, 'Pertanian', 3, '', 1, 0, 2017, 2),
(18, 4, 'Pertanahan', 2, '', 1, 0, 2017, 1),
(19, 4, 'Pertanahan', 2, '', 1, 0, 2017, 2),
(20, 5, 'Lingkungan Hidup', 2, '', 1, 0, 2017, 2),
(21, 4, 'Kehutanan', 3, '', 1, 0, 2017, 2),
(22, 6, 'Administrasi Kependudukan dan Capil', 2, '', 1, 0, 2017, 2),
(23, 7, 'Pemberdayaan Masyarakat Desa', 2, '', 1, 0, 2017, 2),
(24, 9, 'Perhubungan', 2, '', 1, 0, 2017, 1),
(25, 9, 'Perhubungan', 2, '', 1, 0, 2017, 2),
(26, 10, 'Komunikasi dan Informatika', 2, '', 1, 0, 2017, 2),
(27, 14, 'Statistik', 2, '', 1, 0, 2017, 2),
(28, 11, 'Koperasi, Usaha Kecil dan Menengah', 2, '', 1, 0, 2017, 2),
(29, 12, 'Penanaman Modal', 2, '', 1, 0, 2017, 1),
(30, 12, 'Penanaman Modal', 2, '', 1, 0, 2017, 2),
(31, 13, 'Kepemudaan dan Olah Raga', 2, '', 1, 0, 2017, 2),
(32, 18, 'Kearsipan', 2, '', 1, 0, 2017, 2),
(33, 1, 'Kelautan dan Perikanan', 3, '', 1, 0, 2017, 2),
(34, 2, 'Pariwisata', 3, '', 1, 0, 2017, 1),
(35, 2, 'Pariwisata', 3, '', 1, 0, 2017, 2),
(36, 3, 'Pertanian', 3, '', 1, 0, 2017, 1),
(37, 7, 'Perindustrian', 3, '', 1, 0, 2017, 1),
(38, 7, 'Perindustrian', 3, '', 1, 0, 2017, 2),
(39, 6, 'Perdagangan', 3, '', 1, 0, 2017, 2),
(40, 1, 'Administrasi Pemerintahan', 4, '', 1, 0, 2017, 1),
(41, 3, 'Perencanaan', 4, '', 1, 0, 2017, 2),
(42, 2, 'Pengawasan', 4, '', 1, 0, 2017, 2),
(43, 4, 'Keuangan', 4, '', 1, 0, 2017, 1),
(44, 4, 'Keuangan', 4, '', 1, 0, 2017, 2),
(45, 4, 'Keuangan', 4, '', 1, 0, 2017, 3),
(46, 5, 'Kepegawaian', 4, '', 1, 0, 2017, 2);

-- --------------------------------------------------------

--
-- Table structure for table `ms_tahunbelanja`
--

DROP TABLE IF EXISTS `ms_tahunbelanja`;
CREATE TABLE IF NOT EXISTS `ms_tahunbelanja` (
  `NO` int(11) NOT NULL,
  `TAHUNBELANJA` varchar(4) NOT NULL,
  `PAGUTAHUN` bigint(20) NOT NULL,
  `STATUS` int(11) DEFAULT '1',
  PRIMARY KEY (`TAHUNBELANJA`)
) ENGINE=InnoDB DEFAULT CHARSET=latin1;

--
-- Dumping data for table `ms_tahunbelanja`
--

INSERT INTO `ms_tahunbelanja` (`NO`, `TAHUNBELANJA`, `PAGUTAHUN`, `STATUS`) VALUES
(0, '2017', 139242871600, 1);

-- --------------------------------------------------------

--
-- Table structure for table `ms_targetkurva`
--

DROP TABLE IF EXISTS `ms_targetkurva`;
CREATE TABLE IF NOT EXISTS `ms_targetkurva` (
  `NO` int(11) NOT NULL AUTO_INCREMENT,
  `TAHUNKURVA` varchar(4) NOT NULL,
  `TARGET` float NOT NULL,
  `TARGETKOMULATIF` float NOT NULL,
  `REALISASIKOMULATIF` float NOT NULL,
  `DEVIASI` float NOT NULL,
  `KURVAS` float NOT NULL,
  `BULANKE` int(2) NOT NULL,
  `STATUS` int(11) NOT NULL DEFAULT '1',
  PRIMARY KEY (`NO`)
) ENGINE=InnoDB AUTO_INCREMENT=134 DEFAULT CHARSET=latin1;

--
-- Dumping data for table `ms_targetkurva`
--

INSERT INTO `ms_targetkurva` (`NO`, `TAHUNKURVA`, `TARGET`, `TARGETKOMULATIF`, `REALISASIKOMULATIF`, `DEVIASI`, `KURVAS`, `BULANKE`, `STATUS`) VALUES
(110, '2017', 9.5, 9.5, 0, 0, 0, 1, 1),
(111, '2017', 5, 14.5, 0, 0, 0, 2, 1),
(112, '2017', 6.5, 21, 0, 0, 0, 3, 1),
(113, '2017', 0.1, 21.1, 0, 0, 0, 4, 1),
(114, '2017', 0.1, 21.2, 0, 0, 0, 5, 1),
(115, '2017', 0.1, 21.3, 0, 0, 0, 6, 1),
(116, '2017', 0.1, 21.4, 0, 0, 0, 7, 1),
(117, '2017', 0.1, 21.5, 0, 0, 0, 8, 1),
(118, '2017', 0.1, 21.6, 0, 0, 0, 9, 1),
(119, '2017', 0.1, 21.7, 0, 0, 0, 10, 1),
(120, '2017', 0.1, 21.8, 0, 0, 0, 11, 1),
(121, '2017', 0.1, 21.9, 0, 0, 0, 12, 1),
(122, '2020', 41.5, 41.5, 0, 0, 0, 1, 1),
(123, '2020', 19.2, 60.7, 0, 0, 0, 2, 1),
(124, '2020', 51.2, 111.9, 0, 0, 0, 3, 1),
(125, '2020', 0.1, 112, 0, 0, 0, 4, 1),
(126, '2020', 0.1, 112.1, 0, 0, 0, 5, 1),
(127, '2020', 0.1, 112.2, 0, 0, 0, 6, 1),
(128, '2020', 0.1, 112.3, 0, 0, 0, 7, 1),
(129, '2020', 0.1, 112.4, 0, 0, 0, 8, 1),
(130, '2020', 0.1, 112.5, 0, 0, 0, 9, 1),
(131, '2020', 0.1, 112.6, 0, 0, 0, 10, 1),
(132, '2020', 0.1, 112.7, 0, 0, 0, 11, 1),
(133, '2020', 0.1, 112.8, 0, 0, 0, 12, 1);

-- --------------------------------------------------------

--
-- Table structure for table `ms_urusan`
--

DROP TABLE IF EXISTS `ms_urusan`;
CREATE TABLE IF NOT EXISTS `ms_urusan` (
  `NO` int(11) NOT NULL AUTO_INCREMENT,
  `KODEURUSAN` int(11) NOT NULL,
  `NAMAURUSAN` varchar(45) NOT NULL,
  `KETURUSAN` text NOT NULL,
  `STATUS` int(11) NOT NULL DEFAULT '1',
  `TAHUNBELANJA` int(4) NOT NULL,
  `PAGUURUSAN` bigint(20) NOT NULL,
  `KODEDANABELANJA` int(11) NOT NULL,
  PRIMARY KEY (`NO`)
) ENGINE=InnoDB AUTO_INCREMENT=10 DEFAULT CHARSET=latin1;

--
-- Dumping data for table `ms_urusan`
--

INSERT INTO `ms_urusan` (`NO`, `KODEURUSAN`, `NAMAURUSAN`, `KETURUSAN`, `STATUS`, `TAHUNBELANJA`, `PAGUURUSAN`, `KODEDANABELANJA`) VALUES
(1, 1, 'Urusan Wajib Pelayanan Dasar', '', 1, 2017, 0, 1),
(2, 1, 'Urusan Wajib Pelayanan Dasar', '', 1, 2017, 0, 2),
(3, 2, 'Urusan Wajib Bukan Pelayanan Dasar', '', 1, 2017, 0, 2),
(4, 4, 'Urusan Pemerintahan Fungsi Penunjang', '', 1, 2017, 0, 2),
(5, 3, 'Urusan Pilihan', '', 1, 2017, 0, 2),
(6, 2, 'Urusan Wajib Bukan Pelayanan Dasar', '', 1, 2017, 0, 1),
(7, 3, 'Urusan Pilihan', '', 1, 2017, 0, 1),
(8, 4, 'Urusan Pemerintahan Fungsi Penunjang', '', 1, 2017, 0, 1),
(9, 4, 'Urusan Pemerintahan Fungsi Penunjang', '', 1, 2017, 0, 3);

-- --------------------------------------------------------

--
-- Table structure for table `ms_user`
--

DROP TABLE IF EXISTS `ms_user`;
CREATE TABLE IF NOT EXISTS `ms_user` (
  `NO` int(11) NOT NULL AUTO_INCREMENT,
  `USERNAME` varchar(24) NOT NULL,
  `PASSWORD` varchar(255) NOT NULL,
  `TIPE` int(11) NOT NULL,
  `NAMADINAS` varchar(255) NOT NULL,
  `NAME` varchar(255) DEFAULT NULL,
  `STATUS` int(11) NOT NULL DEFAULT '1',
  PRIMARY KEY (`NO`)
) ENGINE=MyISAM AUTO_INCREMENT=7 DEFAULT CHARSET=latin1;

--
-- Dumping data for table `ms_user`
--

INSERT INTO `ms_user` (`NO`, `USERNAME`, `PASSWORD`, `TIPE`, `NAMADINAS`, `NAME`, `STATUS`) VALUES
(1, 'admin', '21232f297a57a5a743894a0e4a801fc3', 1, '', '', 1),
(2, 'user', 'ee11cbb19052e40b07aac0ca060c23ee', 2, 'Dinas Kesehatan', '', 1),
(3, 'test', '098f6bcd4621d373cade4e832627b4f6', 2, 'Dinas Pendidikan dan Kebudayaan', NULL, 1),
(5, 'atata', '6ef3b42d50ac7887ca240cc56128edb7', 2, 'Dinas Perumahan dan Kawasan Pemukiman', NULL, 1);
COMMIT;

/*!40101 SET CHARACTER_SET_CLIENT=@OLD_CHARACTER_SET_CLIENT */;
/*!40101 SET CHARACTER_SET_RESULTS=@OLD_CHARACTER_SET_RESULTS */;
/*!40101 SET COLLATION_CONNECTION=@OLD_COLLATION_CONNECTION */;
